"File","PageFamily","CurrentTitle","ProposedTitle","CurrentDescription","ProposedDescription","CurrentH1","ProposedH1","CurrentCanonical","ProposedCanonicalScheme","ProposedCanonicalHost","ProposedCanonicalPath","CanonicalStrategy","ProposedOpenGraphTitle","ProposedOpenGraphDescription","ProposedTwitterTitle","ProposedTwitterDescription","SchemaPlan","FaqPlan","IndexingIntent","Notes"
"index.html","homepage-market-wide","Crain Bros Inc | Restoration - Repairs - Construction | Jonesboro, AR","Crain Bros Inc | Restoration, Repairs & Construction | Northeast Arkansas","Crain Bros Inc is a property damage restoration and construction company based in Jonesboro, Arkansas.","Crain Bros Inc provides restoration, repair, construction, inspection, consulting, plumbing, waterproofing, and remodeling services across Northeast Arkansas.","Crain Bros Inc","Crain Bros Inc","","https","services.crainbrosinc.com","/","Self-canonical market-wide homepage candidate.","Crain Bros Inc | Restoration, Repairs & Construction | Northeast Arkansas","Crain Bros Inc provides restoration, repair, construction, inspection, consulting, plumbing, waterproofing, and remodeling services across Northeast Arkansas.","Crain Bros Inc | Restoration, Repairs & Construction | Northeast Arkansas","Crain Bros Inc provides restoration, repair, construction, inspection, consulting, plumbing, waterproofing, and remodeling services across Northeast Arkansas.","LocalBusiness or construction/restoration business entity; organization identity; service area; major services; website identity; image/logo references after image strategy approval.","Add visible homepage FAQ content about service area, services offered, inspection/documentation process, and how to contact Crain Bros Inc.","Indexable market-wide homepage.","Homepage must remain market-wide and must not be organized under a single ZIP code."
"pages\building-consultant.html","service-category","Building Consultant in Jonesboro, AR | Crain Bros Inc","Building Consultant | Crain Bros Inc | Northeast Arkansas","Building Consultant services from Crain Bros Inc in Jonesboro, AR. Serving Northeast Arkansas.","Crain Bros Inc provides building consultant services for properties across Northeast Arkansas.","Building Consultant in Jonesboro, AR","Building Consultant","","https","services.crainbrosinc.com","/pages/building-consultant.html","Self-canonical service-category page candidate.","Building Consultant | Crain Bros Inc | Northeast Arkansas","Crain Bros Inc provides building consultant services for properties across Northeast Arkansas.","Building Consultant | Crain Bros Inc | Northeast Arkansas","Crain Bros Inc provides building consultant services for properties across Northeast Arkansas.","Service JSON-LD associated with Crain Bros Inc; BreadcrumbList candidate if breadcrumb/navigation pattern is approved.","Add visible service-specific FAQ content, then add matching FAQPage JSON-LD only where visible FAQ content exists.","Indexable service-category page.","Service page should be service-specific and Northeast Arkansas oriented, not forced into one ZIP."
"pages\building-inspector.html","service-category","Building Inspection Services in Jonesboro, AR | Crain Bros Inc","Building Inspection Services | Crain Bros Inc | Northeast Arkansas","building inspection services from Crain Bros Inc in Jonesboro, AR. Serving Northeast Arkansas.","Crain Bros Inc provides building inspection services for properties across Northeast Arkansas.","Building Inspection Services in Jonesboro, AR","Building Inspection Services","","https","services.crainbrosinc.com","/pages/building-inspector.html","Self-canonical service-category page candidate.","Building Inspection Services | Crain Bros Inc | Northeast Arkansas","Crain Bros Inc provides building inspection services for properties across Northeast Arkansas.","Building Inspection Services | Crain Bros Inc | Northeast Arkansas","Crain Bros Inc provides building inspection services for properties across Northeast Arkansas.","Service JSON-LD associated with Crain Bros Inc; BreadcrumbList candidate if breadcrumb/navigation pattern is approved.","Add visible service-specific FAQ content, then add matching FAQPage JSON-LD only where visible FAQ content exists.","Indexable service-category page.","Service page should be service-specific and Northeast Arkansas oriented, not forced into one ZIP."
"pages\building-restoration.html","service-category","Building Restoration in Jonesboro, AR | Crain Bros Inc","Building Restoration | Crain Bros Inc | Northeast Arkansas","Building Restoration services from Crain Bros Inc in Jonesboro, AR. Serving Northeast Arkansas.","Crain Bros Inc provides building restoration services for properties across Northeast Arkansas.","Building Restoration in Jonesboro, AR","Building Restoration","","https","services.crainbrosinc.com","/pages/building-restoration.html","Self-canonical service-category page candidate.","Building Restoration | Crain Bros Inc | Northeast Arkansas","Crain Bros Inc provides building restoration services for properties across Northeast Arkansas.","Building Restoration | Crain Bros Inc | Northeast Arkansas","Crain Bros Inc provides building restoration services for properties across Northeast Arkansas.","Service JSON-LD associated with Crain Bros Inc; BreadcrumbList candidate if breadcrumb/navigation pattern is approved.","Add visible service-specific FAQ content, then add matching FAQPage JSON-LD only where visible FAQ content exists.","Indexable service-category page.","Service page should be service-specific and Northeast Arkansas oriented, not forced into one ZIP."
"pages\construction.html","service-category","Construction in Jonesboro, AR | Crain Bros Inc","Construction | Crain Bros Inc | Northeast Arkansas","Construction services from Crain Bros Inc in Jonesboro, AR. Serving Northeast Arkansas.","Crain Bros Inc provides construction services for properties across Northeast Arkansas.","Construction in Jonesboro, AR","Construction","","https","services.crainbrosinc.com","/pages/construction.html","Self-canonical service-category page candidate.","Construction | Crain Bros Inc | Northeast Arkansas","Crain Bros Inc provides construction services for properties across Northeast Arkansas.","Construction | Crain Bros Inc | Northeast Arkansas","Crain Bros Inc provides construction services for properties across Northeast Arkansas.","Service JSON-LD associated with Crain Bros Inc; BreadcrumbList candidate if breadcrumb/navigation pattern is approved.","Add visible service-specific FAQ content, then add matching FAQPage JSON-LD only where visible FAQ content exists.","Indexable service-category page.","Service page should be service-specific and Northeast Arkansas oriented, not forced into one ZIP."
"pages\fire-damage.html","service-category","Fire Damage Restoration in Jonesboro, AR | Crain Bros Inc","Fire Damage Restoration | Crain Bros Inc | Northeast Arkansas","Fire Damage Restoration services from Crain Bros Inc in Jonesboro, AR. Serving Northeast Arkansas.","Crain Bros Inc provides fire damage restoration services for properties across Northeast Arkansas.","Fire Damage Restoration in Jonesboro, AR","Fire Damage Restoration","","https","services.crainbrosinc.com","/pages/fire-damage.html","Self-canonical service-category page candidate.","Fire Damage Restoration | Crain Bros Inc | Northeast Arkansas","Crain Bros Inc provides fire damage restoration services for properties across Northeast Arkansas.","Fire Damage Restoration | Crain Bros Inc | Northeast Arkansas","Crain Bros Inc provides fire damage restoration services for properties across Northeast Arkansas.","Service JSON-LD associated with Crain Bros Inc; BreadcrumbList candidate if breadcrumb/navigation pattern is approved.","Add visible service-specific FAQ content, then add matching FAQPage JSON-LD only where visible FAQ content exists.","Indexable service-category page.","Service page should be service-specific and Northeast Arkansas oriented, not forced into one ZIP."
"pages\plumbing.html","service-category","Plumbing in Jonesboro, AR | Crain Bros Inc","Plumbing | Crain Bros Inc | Northeast Arkansas","Plumbing services from Crain Bros Inc in Jonesboro, AR. Serving Northeast Arkansas.","Crain Bros Inc provides plumbing services for properties across Northeast Arkansas.","Plumbing in Jonesboro, AR","Plumbing","","https","services.crainbrosinc.com","/pages/plumbing.html","Self-canonical service-category page candidate.","Plumbing | Crain Bros Inc | Northeast Arkansas","Crain Bros Inc provides plumbing services for properties across Northeast Arkansas.","Plumbing | Crain Bros Inc | Northeast Arkansas","Crain Bros Inc provides plumbing services for properties across Northeast Arkansas.","Service JSON-LD associated with Crain Bros Inc; BreadcrumbList candidate if breadcrumb/navigation pattern is approved.","Add visible service-specific FAQ content, then add matching FAQPage JSON-LD only where visible FAQ content exists.","Indexable service-category page.","Service page should be service-specific and Northeast Arkansas oriented, not forced into one ZIP."
"pages\remodeling.html","service-category","Remodeling in Jonesboro, AR | Crain Bros Inc","Remodeling | Crain Bros Inc | Northeast Arkansas","Remodeling services from Crain Bros Inc in Jonesboro, AR. Serving Northeast Arkansas.","Crain Bros Inc provides remodeling services for properties across Northeast Arkansas.","Remodeling in Jonesboro, AR","Remodeling","","https","services.crainbrosinc.com","/pages/remodeling.html","Self-canonical service-category page candidate.","Remodeling | Crain Bros Inc | Northeast Arkansas","Crain Bros Inc provides remodeling services for properties across Northeast Arkansas.","Remodeling | Crain Bros Inc | Northeast Arkansas","Crain Bros Inc provides remodeling services for properties across Northeast Arkansas.","Service JSON-LD associated with Crain Bros Inc; BreadcrumbList candidate if breadcrumb/navigation pattern is approved.","Add visible service-specific FAQ content, then add matching FAQPage JSON-LD only where visible FAQ content exists.","Indexable service-category page.","Service page should be service-specific and Northeast Arkansas oriented, not forced into one ZIP."
"pages\water-damage.html","service-category","Water Damage Restoration in Jonesboro, AR | Crain Bros Inc","Water Damage Restoration | Crain Bros Inc | Northeast Arkansas","Water Damage Restoration services from Crain Bros Inc in Jonesboro, AR. Serving Northeast Arkansas.","Crain Bros Inc provides water damage restoration services for properties across Northeast Arkansas.","Water Damage Restoration in Jonesboro, AR","Water Damage Restoration","","https","services.crainbrosinc.com","/pages/water-damage.html","Self-canonical service-category page candidate.","Water Damage Restoration | Crain Bros Inc | Northeast Arkansas","Crain Bros Inc provides water damage restoration services for properties across Northeast Arkansas.","Water Damage Restoration | Crain Bros Inc | Northeast Arkansas","Crain Bros Inc provides water damage restoration services for properties across Northeast Arkansas.","Service JSON-LD associated with Crain Bros Inc; BreadcrumbList candidate if breadcrumb/navigation pattern is approved.","Add visible service-specific FAQ content, then add matching FAQPage JSON-LD only where visible FAQ content exists.","Indexable service-category page.","Service page should be service-specific and Northeast Arkansas oriented, not forced into one ZIP."
"pages\waterproofing.html","service-category","Waterproofing in Jonesboro, AR | Crain Bros Inc","Waterproofing | Crain Bros Inc | Northeast Arkansas","Waterproofing services from Crain Bros Inc in Jonesboro, AR. Serving Northeast Arkansas.","Crain Bros Inc provides waterproofing services for properties across Northeast Arkansas.","Waterproofing in Jonesboro, AR","Waterproofing","","https","services.crainbrosinc.com","/pages/waterproofing.html","Self-canonical service-category page candidate.","Waterproofing | Crain Bros Inc | Northeast Arkansas","Crain Bros Inc provides waterproofing services for properties across Northeast Arkansas.","Waterproofing | Crain Bros Inc | Northeast Arkansas","Crain Bros Inc provides waterproofing services for properties across Northeast Arkansas.","Service JSON-LD associated with Crain Bros Inc; BreadcrumbList candidate if breadcrumb/navigation pattern is approved.","Add visible service-specific FAQ content, then add matching FAQPage JSON-LD only where visible FAQ content exists.","Indexable service-category page.","Service page should be service-specific and Northeast Arkansas oriented, not forced into one ZIP."
"areas\bay-ar-72411.html","service-area","Crain Bros Inc in Bay, AR 72411","Restoration & Construction Services in Bay, AR 72411 | Crain Bros Inc","Crain Bros Inc serves Bay, AR 72411 and surrounding Northeast Arkansas.","Crain Bros Inc provides restoration, repair, construction, inspection, consulting, plumbing, waterproofing, and remodeling services in Bay, AR 72411 and nearby Northeast Arkansas communities.","Crain Bros Inc in Bay, AR 72411","Crain Bros Inc Services in Bay, AR 72411","","https","services.crainbrosinc.com","/areas/bay-ar-72411.html","Self-canonical service-area page candidate.","Restoration & Construction Services in Bay, AR 72411 | Crain Bros Inc","Crain Bros Inc provides restoration, repair, construction, inspection, consulting, plumbing, waterproofing, and remodeling services in Bay, AR 72411 and nearby Northeast Arkansas communities.","Restoration & Construction Services in Bay, AR 72411 | Crain Bros Inc","Crain Bros Inc provides restoration, repair, construction, inspection, consulting, plumbing, waterproofing, and remodeling services in Bay, AR 72411 and nearby Northeast Arkansas communities.","WebPage or area-served supporting page. Do not represent this as a separate physical business location unless actual business location data supports it.","FAQ content optional; consider lean area credibility content unless unique local questions are added visibly.","Indexable service-area credibility page candidate.","Area page is location/service-area credibility content."
"areas\blytheville-ar-72316.html","service-area","Crain Bros Inc in Blytheville, AR 72316","Restoration & Construction Services in Blytheville, AR 72316 | Crain Bros Inc","Crain Bros Inc serves Blytheville, AR 72316 and surrounding Northeast Arkansas.","Crain Bros Inc provides restoration, repair, construction, inspection, consulting, plumbing, waterproofing, and remodeling services in Blytheville, AR 72316 and nearby Northeast Arkansas communities.","Crain Bros Inc in Blytheville, AR 72316","Crain Bros Inc Services in Blytheville, AR 72316","","https","services.crainbrosinc.com","/areas/blytheville-ar-72316.html","Self-canonical service-area page candidate.","Restoration & Construction Services in Blytheville, AR 72316 | Crain Bros Inc","Crain Bros Inc provides restoration, repair, construction, inspection, consulting, plumbing, waterproofing, and remodeling services in Blytheville, AR 72316 and nearby Northeast Arkansas communities.","Restoration & Construction Services in Blytheville, AR 72316 | Crain Bros Inc","Crain Bros Inc provides restoration, repair, construction, inspection, consulting, plumbing, waterproofing, and remodeling services in Blytheville, AR 72316 and nearby Northeast Arkansas communities.","WebPage or area-served supporting page. Do not represent this as a separate physical business location unless actual business location data supports it.","FAQ content optional; consider lean area credibility content unless unique local questions are added visibly.","Indexable service-area credibility page candidate.","Area page is location/service-area credibility content."
"areas\bono-ar-72416.html","service-area","Crain Bros Inc in Bono, AR 72416","Restoration & Construction Services in Bono, AR 72416 | Crain Bros Inc","Crain Bros Inc serves Bono, AR 72416 and surrounding Northeast Arkansas.","Crain Bros Inc provides restoration, repair, construction, inspection, consulting, plumbing, waterproofing, and remodeling services in Bono, AR 72416 and nearby Northeast Arkansas communities.","Crain Bros Inc in Bono, AR 72416","Crain Bros Inc Services in Bono, AR 72416","","https","services.crainbrosinc.com","/areas/bono-ar-72416.html","Self-canonical service-area page candidate.","Restoration & Construction Services in Bono, AR 72416 | Crain Bros Inc","Crain Bros Inc provides restoration, repair, construction, inspection, consulting, plumbing, waterproofing, and remodeling services in Bono, AR 72416 and nearby Northeast Arkansas communities.","Restoration & Construction Services in Bono, AR 72416 | Crain Bros Inc","Crain Bros Inc provides restoration, repair, construction, inspection, consulting, plumbing, waterproofing, and remodeling services in Bono, AR 72416 and nearby Northeast Arkansas communities.","WebPage or area-served supporting page. Do not represent this as a separate physical business location unless actual business location data supports it.","FAQ content optional; consider lean area credibility content unless unique local questions are added visibly.","Indexable service-area credibility page candidate.","Area page is location/service-area credibility content."
"areas\brookland-ar-72417.html","service-area","Crain Bros Inc in Brookland, AR 72417","Restoration & Construction Services in Brookland, AR 72417 | Crain Bros Inc","Crain Bros Inc serves Brookland, AR 72417 and surrounding Northeast Arkansas.","Crain Bros Inc provides restoration, repair, construction, inspection, consulting, plumbing, waterproofing, and remodeling services in Brookland, AR 72417 and nearby Northeast Arkansas communities.","Crain Bros Inc in Brookland, AR 72417","Crain Bros Inc Services in Brookland, AR 72417","","https","services.crainbrosinc.com","/areas/brookland-ar-72417.html","Self-canonical service-area page candidate.","Restoration & Construction Services in Brookland, AR 72417 | Crain Bros Inc","Crain Bros Inc provides restoration, repair, construction, inspection, consulting, plumbing, waterproofing, and remodeling services in Brookland, AR 72417 and nearby Northeast Arkansas communities.","Restoration & Construction Services in Brookland, AR 72417 | Crain Bros Inc","Crain Bros Inc provides restoration, repair, construction, inspection, consulting, plumbing, waterproofing, and remodeling services in Brookland, AR 72417 and nearby Northeast Arkansas communities.","WebPage or area-served supporting page. Do not represent this as a separate physical business location unless actual business location data supports it.","FAQ content optional; consider lean area credibility content unless unique local questions are added visibly.","Indexable service-area credibility page candidate.","Area page is location/service-area credibility content."
"areas\caraway-ar-72419.html","service-area","Crain Bros Inc in Caraway, AR 72419","Restoration & Construction Services in Caraway, AR 72419 | Crain Bros Inc","Crain Bros Inc serves Caraway, AR 72419 and surrounding Northeast Arkansas.","Crain Bros Inc provides restoration, repair, construction, inspection, consulting, plumbing, waterproofing, and remodeling services in Caraway, AR 72419 and nearby Northeast Arkansas communities.","Crain Bros Inc in Caraway, AR 72419","Crain Bros Inc Services in Caraway, AR 72419","","https","services.crainbrosinc.com","/areas/caraway-ar-72419.html","Self-canonical service-area page candidate.","Restoration & Construction Services in Caraway, AR 72419 | Crain Bros Inc","Crain Bros Inc provides restoration, repair, construction, inspection, consulting, plumbing, waterproofing, and remodeling services in Caraway, AR 72419 and nearby Northeast Arkansas communities.","Restoration & Construction Services in Caraway, AR 72419 | Crain Bros Inc","Crain Bros Inc provides restoration, repair, construction, inspection, consulting, plumbing, waterproofing, and remodeling services in Caraway, AR 72419 and nearby Northeast Arkansas communities.","WebPage or area-served supporting page. Do not represent this as a separate physical business location unless actual business location data supports it.","FAQ content optional; consider lean area credibility content unless unique local questions are added visibly.","Indexable service-area credibility page candidate.","Area page is location/service-area credibility content."
"areas\gosnell-ar-72315.html","service-area","Crain Bros Inc in Gosnell, AR 72315","Restoration & Construction Services in Gosnell, AR 72315 | Crain Bros Inc","Crain Bros Inc serves Gosnell, AR 72315 and surrounding Northeast Arkansas.","Crain Bros Inc provides restoration, repair, construction, inspection, consulting, plumbing, waterproofing, and remodeling services in Gosnell, AR 72315 and nearby Northeast Arkansas communities.","Crain Bros Inc in Gosnell, AR 72315","Crain Bros Inc Services in Gosnell, AR 72315","","https","services.crainbrosinc.com","/areas/gosnell-ar-72315.html","Self-canonical service-area page candidate.","Restoration & Construction Services in Gosnell, AR 72315 | Crain Bros Inc","Crain Bros Inc provides restoration, repair, construction, inspection, consulting, plumbing, waterproofing, and remodeling services in Gosnell, AR 72315 and nearby Northeast Arkansas communities.","Restoration & Construction Services in Gosnell, AR 72315 | Crain Bros Inc","Crain Bros Inc provides restoration, repair, construction, inspection, consulting, plumbing, waterproofing, and remodeling services in Gosnell, AR 72315 and nearby Northeast Arkansas communities.","WebPage or area-served supporting page. Do not represent this as a separate physical business location unless actual business location data supports it.","FAQ content optional; consider lean area credibility content unless unique local questions are added visibly.","Indexable service-area credibility page candidate.","Area page is location/service-area credibility content."
"areas\gosnell-ar-72319.html","service-area","Crain Bros Inc in Gosnell, AR 72319","Restoration & Construction Services in Gosnell, AR 72319 | Crain Bros Inc","Crain Bros Inc serves Gosnell, AR 72319 and surrounding Northeast Arkansas.","Crain Bros Inc provides restoration, repair, construction, inspection, consulting, plumbing, waterproofing, and remodeling services in Gosnell, AR 72319 and nearby Northeast Arkansas communities.","Crain Bros Inc in Gosnell, AR 72319","Crain Bros Inc Services in Gosnell, AR 72319","","https","services.crainbrosinc.com","/areas/gosnell-ar-72319.html","Self-canonical service-area page candidate.","Restoration & Construction Services in Gosnell, AR 72319 | Crain Bros Inc","Crain Bros Inc provides restoration, repair, construction, inspection, consulting, plumbing, waterproofing, and remodeling services in Gosnell, AR 72319 and nearby Northeast Arkansas communities.","Restoration & Construction Services in Gosnell, AR 72319 | Crain Bros Inc","Crain Bros Inc provides restoration, repair, construction, inspection, consulting, plumbing, waterproofing, and remodeling services in Gosnell, AR 72319 and nearby Northeast Arkansas communities.","WebPage or area-served supporting page. Do not represent this as a separate physical business location unless actual business location data supports it.","FAQ content optional; consider lean area credibility content unless unique local questions are added visibly.","Indexable service-area credibility page candidate.","Area page is location/service-area credibility content."
"areas\harrisburg-ar-72432.html","service-area","Crain Bros Inc in Harrisburg, AR 72432","Restoration & Construction Services in Harrisburg, AR 72432 | Crain Bros Inc","Crain Bros Inc serves Harrisburg, AR 72432 and surrounding Northeast Arkansas.","Crain Bros Inc provides restoration, repair, construction, inspection, consulting, plumbing, waterproofing, and remodeling services in Harrisburg, AR 72432 and nearby Northeast Arkansas communities.","Crain Bros Inc in Harrisburg, AR 72432","Crain Bros Inc Services in Harrisburg, AR 72432","","https","services.crainbrosinc.com","/areas/harrisburg-ar-72432.html","Self-canonical service-area page candidate.","Restoration & Construction Services in Harrisburg, AR 72432 | Crain Bros Inc","Crain Bros Inc provides restoration, repair, construction, inspection, consulting, plumbing, waterproofing, and remodeling services in Harrisburg, AR 72432 and nearby Northeast Arkansas communities.","Restoration & Construction Services in Harrisburg, AR 72432 | Crain Bros Inc","Crain Bros Inc provides restoration, repair, construction, inspection, consulting, plumbing, waterproofing, and remodeling services in Harrisburg, AR 72432 and nearby Northeast Arkansas communities.","WebPage or area-served supporting page. Do not represent this as a separate physical business location unless actual business location data supports it.","FAQ content optional; consider lean area credibility content unless unique local questions are added visibly.","Indexable service-area credibility page candidate.","Area page is location/service-area credibility content."
"areas\jonesboro-ar-72401.html","service-area","Crain Bros Inc in Jonesboro, AR 72401","Restoration & Construction Services in Jonesboro, AR 72401 | Crain Bros Inc","Crain Bros Inc serves Jonesboro, AR 72401 and surrounding Northeast Arkansas.","Crain Bros Inc provides restoration, repair, construction, inspection, consulting, plumbing, waterproofing, and remodeling services in Jonesboro, AR 72401 and nearby Northeast Arkansas communities.","Crain Bros Inc in Jonesboro, AR 72401","Crain Bros Inc Services in Jonesboro, AR 72401","","https","services.crainbrosinc.com","/areas/jonesboro-ar-72401.html","Self-canonical service-area page candidate.","Restoration & Construction Services in Jonesboro, AR 72401 | Crain Bros Inc","Crain Bros Inc provides restoration, repair, construction, inspection, consulting, plumbing, waterproofing, and remodeling services in Jonesboro, AR 72401 and nearby Northeast Arkansas communities.","Restoration & Construction Services in Jonesboro, AR 72401 | Crain Bros Inc","Crain Bros Inc provides restoration, repair, construction, inspection, consulting, plumbing, waterproofing, and remodeling services in Jonesboro, AR 72401 and nearby Northeast Arkansas communities.","WebPage or area-served supporting page. Do not represent this as a separate physical business location unless actual business location data supports it.","FAQ content optional; consider lean area credibility content unless unique local questions are added visibly.","Indexable service-area credibility page candidate.","Area page is location/service-area credibility content."
"areas\jonesboro-ar-72402.html","service-area","Crain Bros Inc in Jonesboro, AR 72402","Restoration & Construction Services in Jonesboro, AR 72402 | Crain Bros Inc","Crain Bros Inc serves Jonesboro, AR 72402 and surrounding Northeast Arkansas.","Crain Bros Inc provides restoration, repair, construction, inspection, consulting, plumbing, waterproofing, and remodeling services in Jonesboro, AR 72402 and nearby Northeast Arkansas communities.","Crain Bros Inc in Jonesboro, AR 72402","Crain Bros Inc Services in Jonesboro, AR 72402","","https","services.crainbrosinc.com","/areas/jonesboro-ar-72402.html","Self-canonical service-area page candidate.","Restoration & Construction Services in Jonesboro, AR 72402 | Crain Bros Inc","Crain Bros Inc provides restoration, repair, construction, inspection, consulting, plumbing, waterproofing, and remodeling services in Jonesboro, AR 72402 and nearby Northeast Arkansas communities.","Restoration & Construction Services in Jonesboro, AR 72402 | Crain Bros Inc","Crain Bros Inc provides restoration, repair, construction, inspection, consulting, plumbing, waterproofing, and remodeling services in Jonesboro, AR 72402 and nearby Northeast Arkansas communities.","WebPage or area-served supporting page. Do not represent this as a separate physical business location unless actual business location data supports it.","FAQ content optional; consider lean area credibility content unless unique local questions are added visibly.","Indexable service-area credibility page candidate.","Area page is location/service-area credibility content."
"areas\jonesboro-ar-72403.html","service-area","Crain Bros Inc in Jonesboro, AR 72403","Restoration & Construction Services in Jonesboro, AR 72403 | Crain Bros Inc","Crain Bros Inc serves Jonesboro, AR 72403 and surrounding Northeast Arkansas.","Crain Bros Inc provides restoration, repair, construction, inspection, consulting, plumbing, waterproofing, and remodeling services in Jonesboro, AR 72403 and nearby Northeast Arkansas communities.","Crain Bros Inc in Jonesboro, AR 72403","Crain Bros Inc Services in Jonesboro, AR 72403","","https","services.crainbrosinc.com","/areas/jonesboro-ar-72403.html","Self-canonical service-area page candidate.","Restoration & Construction Services in Jonesboro, AR 72403 | Crain Bros Inc","Crain Bros Inc provides restoration, repair, construction, inspection, consulting, plumbing, waterproofing, and remodeling services in Jonesboro, AR 72403 and nearby Northeast Arkansas communities.","Restoration & Construction Services in Jonesboro, AR 72403 | Crain Bros Inc","Crain Bros Inc provides restoration, repair, construction, inspection, consulting, plumbing, waterproofing, and remodeling services in Jonesboro, AR 72403 and nearby Northeast Arkansas communities.","WebPage or area-served supporting page. Do not represent this as a separate physical business location unless actual business location data supports it.","FAQ content optional; consider lean area credibility content unless unique local questions are added visibly.","Indexable service-area credibility page candidate.","Area page is location/service-area credibility content."
"areas\jonesboro-ar-72404.html","service-area","Crain Bros Inc in Jonesboro, AR 72404","Restoration & Construction Services in Jonesboro, AR 72404 | Crain Bros Inc","Crain Bros Inc serves Jonesboro, AR 72404 and surrounding Northeast Arkansas.","Crain Bros Inc provides restoration, repair, construction, inspection, consulting, plumbing, waterproofing, and remodeling services in Jonesboro, AR 72404 and nearby Northeast Arkansas communities.","Crain Bros Inc in Jonesboro, AR 72404","Crain Bros Inc Services in Jonesboro, AR 72404","","https","services.crainbrosinc.com","/areas/jonesboro-ar-72404.html","Self-canonical service-area page candidate.","Restoration & Construction Services in Jonesboro, AR 72404 | Crain Bros Inc","Crain Bros Inc provides restoration, repair, construction, inspection, consulting, plumbing, waterproofing, and remodeling services in Jonesboro, AR 72404 and nearby Northeast Arkansas communities.","Restoration & Construction Services in Jonesboro, AR 72404 | Crain Bros Inc","Crain Bros Inc provides restoration, repair, construction, inspection, consulting, plumbing, waterproofing, and remodeling services in Jonesboro, AR 72404 and nearby Northeast Arkansas communities.","WebPage or area-served supporting page. Do not represent this as a separate physical business location unless actual business location data supports it.","FAQ content optional; consider lean area credibility content unless unique local questions are added visibly.","Indexable service-area credibility page candidate.","Area page is location/service-area credibility content."
"areas\jonesboro-ar-72405.html","service-area","Crain Bros Inc in Jonesboro, AR 72405","Restoration & Construction Services in Jonesboro, AR 72405 | Crain Bros Inc","Crain Bros Inc serves Jonesboro, AR 72405 and surrounding Northeast Arkansas.","Crain Bros Inc provides restoration, repair, construction, inspection, consulting, plumbing, waterproofing, and remodeling services in Jonesboro, AR 72405 and nearby Northeast Arkansas communities.","Crain Bros Inc in Jonesboro, AR 72405","Crain Bros Inc Services in Jonesboro, AR 72405","","https","services.crainbrosinc.com","/areas/jonesboro-ar-72405.html","Self-canonical service-area page candidate.","Restoration & Construction Services in Jonesboro, AR 72405 | Crain Bros Inc","Crain Bros Inc provides restoration, repair, construction, inspection, consulting, plumbing, waterproofing, and remodeling services in Jonesboro, AR 72405 and nearby Northeast Arkansas communities.","Restoration & Construction Services in Jonesboro, AR 72405 | Crain Bros Inc","Crain Bros Inc provides restoration, repair, construction, inspection, consulting, plumbing, waterproofing, and remodeling services in Jonesboro, AR 72405 and nearby Northeast Arkansas communities.","WebPage or area-served supporting page. Do not represent this as a separate physical business location unless actual business location data supports it.","FAQ content optional; consider lean area credibility content unless unique local questions are added visibly.","Indexable service-area credibility page candidate.","Area page is location/service-area credibility content."
"areas\lake-city-ar-72437.html","service-area","Crain Bros Inc in Lake City, AR 72437","Restoration & Construction Services in Lake City, AR 72437 | Crain Bros Inc","Crain Bros Inc serves Lake City, AR 72437 and surrounding Northeast Arkansas.","Crain Bros Inc provides restoration, repair, construction, inspection, consulting, plumbing, waterproofing, and remodeling services in Lake City, AR 72437 and nearby Northeast Arkansas communities.","Crain Bros Inc in Lake City, AR 72437","Crain Bros Inc Services in Lake City, AR 72437","","https","services.crainbrosinc.com","/areas/lake-city-ar-72437.html","Self-canonical service-area page candidate.","Restoration & Construction Services in Lake City, AR 72437 | Crain Bros Inc","Crain Bros Inc provides restoration, repair, construction, inspection, consulting, plumbing, waterproofing, and remodeling services in Lake City, AR 72437 and nearby Northeast Arkansas communities.","Restoration & Construction Services in Lake City, AR 72437 | Crain Bros Inc","Crain Bros Inc provides restoration, repair, construction, inspection, consulting, plumbing, waterproofing, and remodeling services in Lake City, AR 72437 and nearby Northeast Arkansas communities.","WebPage or area-served supporting page. Do not represent this as a separate physical business location unless actual business location data supports it.","FAQ content optional; consider lean area credibility content unless unique local questions are added visibly.","Indexable service-area credibility page candidate.","Area page is location/service-area credibility content."
"areas\monette-ar-72447.html","service-area","Crain Bros Inc in Monette, AR 72447","Restoration & Construction Services in Monette, AR 72447 | Crain Bros Inc","Crain Bros Inc serves Monette, AR 72447 and surrounding Northeast Arkansas.","Crain Bros Inc provides restoration, repair, construction, inspection, consulting, plumbing, waterproofing, and remodeling services in Monette, AR 72447 and nearby Northeast Arkansas communities.","Crain Bros Inc in Monette, AR 72447","Crain Bros Inc Services in Monette, AR 72447","","https","services.crainbrosinc.com","/areas/monette-ar-72447.html","Self-canonical service-area page candidate.","Restoration & Construction Services in Monette, AR 72447 | Crain Bros Inc","Crain Bros Inc provides restoration, repair, construction, inspection, consulting, plumbing, waterproofing, and remodeling services in Monette, AR 72447 and nearby Northeast Arkansas communities.","Restoration & Construction Services in Monette, AR 72447 | Crain Bros Inc","Crain Bros Inc provides restoration, repair, construction, inspection, consulting, plumbing, waterproofing, and remodeling services in Monette, AR 72447 and nearby Northeast Arkansas communities.","WebPage or area-served supporting page. Do not represent this as a separate physical business location unless actual business location data supports it.","FAQ content optional; consider lean area credibility content unless unique local questions are added visibly.","Indexable service-area credibility page candidate.","Area page is location/service-area credibility content."
"areas\newport-ar-72112.html","service-area","Crain Bros Inc in Newport, AR 72112","Restoration & Construction Services in Newport, AR 72112 | Crain Bros Inc","Crain Bros Inc serves Newport, AR 72112 and surrounding Northeast Arkansas.","Crain Bros Inc provides restoration, repair, construction, inspection, consulting, plumbing, waterproofing, and remodeling services in Newport, AR 72112 and nearby Northeast Arkansas communities.","Crain Bros Inc in Newport, AR 72112","Crain Bros Inc Services in Newport, AR 72112","","https","services.crainbrosinc.com","/areas/newport-ar-72112.html","Self-canonical service-area page candidate.","Restoration & Construction Services in Newport, AR 72112 | Crain Bros Inc","Crain Bros Inc provides restoration, repair, construction, inspection, consulting, plumbing, waterproofing, and remodeling services in Newport, AR 72112 and nearby Northeast Arkansas communities.","Restoration & Construction Services in Newport, AR 72112 | Crain Bros Inc","Crain Bros Inc provides restoration, repair, construction, inspection, consulting, plumbing, waterproofing, and remodeling services in Newport, AR 72112 and nearby Northeast Arkansas communities.","WebPage or area-served supporting page. Do not represent this as a separate physical business location unless actual business location data supports it.","FAQ content optional; consider lean area credibility content unless unique local questions are added visibly.","Indexable service-area credibility page candidate.","Area page is location/service-area credibility content."
"areas\paragould-ar-72450.html","service-area","Crain Bros Inc in Paragould, AR 72450","Restoration & Construction Services in Paragould, AR 72450 | Crain Bros Inc","Crain Bros Inc serves Paragould, AR 72450 and surrounding Northeast Arkansas.","Crain Bros Inc provides restoration, repair, construction, inspection, consulting, plumbing, waterproofing, and remodeling services in Paragould, AR 72450 and nearby Northeast Arkansas communities.","Crain Bros Inc in Paragould, AR 72450","Crain Bros Inc Services in Paragould, AR 72450","","https","services.crainbrosinc.com","/areas/paragould-ar-72450.html","Self-canonical service-area page candidate.","Restoration & Construction Services in Paragould, AR 72450 | Crain Bros Inc","Crain Bros Inc provides restoration, repair, construction, inspection, consulting, plumbing, waterproofing, and remodeling services in Paragould, AR 72450 and nearby Northeast Arkansas communities.","Restoration & Construction Services in Paragould, AR 72450 | Crain Bros Inc","Crain Bros Inc provides restoration, repair, construction, inspection, consulting, plumbing, waterproofing, and remodeling services in Paragould, AR 72450 and nearby Northeast Arkansas communities.","WebPage or area-served supporting page. Do not represent this as a separate physical business location unless actual business location data supports it.","FAQ content optional; consider lean area credibility content unless unique local questions are added visibly.","Indexable service-area credibility page candidate.","Area page is location/service-area credibility content."
"areas\paragould-ar-72451.html","service-area","Crain Bros Inc in Paragould, AR 72451","Restoration & Construction Services in Paragould, AR 72451 | Crain Bros Inc","Crain Bros Inc serves Paragould, AR 72451 and surrounding Northeast Arkansas.","Crain Bros Inc provides restoration, repair, construction, inspection, consulting, plumbing, waterproofing, and remodeling services in Paragould, AR 72451 and nearby Northeast Arkansas communities.","Crain Bros Inc in Paragould, AR 72451","Crain Bros Inc Services in Paragould, AR 72451","","https","services.crainbrosinc.com","/areas/paragould-ar-72451.html","Self-canonical service-area page candidate.","Restoration & Construction Services in Paragould, AR 72451 | Crain Bros Inc","Crain Bros Inc provides restoration, repair, construction, inspection, consulting, plumbing, waterproofing, and remodeling services in Paragould, AR 72451 and nearby Northeast Arkansas communities.","Restoration & Construction Services in Paragould, AR 72451 | Crain Bros Inc","Crain Bros Inc provides restoration, repair, construction, inspection, consulting, plumbing, waterproofing, and remodeling services in Paragould, AR 72451 and nearby Northeast Arkansas communities.","WebPage or area-served supporting page. Do not represent this as a separate physical business location unless actual business location data supports it.","FAQ content optional; consider lean area credibility content unless unique local questions are added visibly.","Indexable service-area credibility page candidate.","Area page is location/service-area credibility content."
"areas\trumann-ar-72472.html","service-area","Crain Bros Inc in Trumann, AR 72472","Restoration & Construction Services in Trumann, AR 72472 | Crain Bros Inc","Crain Bros Inc serves Trumann, AR 72472 and surrounding Northeast Arkansas.","Crain Bros Inc provides restoration, repair, construction, inspection, consulting, plumbing, waterproofing, and remodeling services in Trumann, AR 72472 and nearby Northeast Arkansas communities.","Crain Bros Inc in Trumann, AR 72472","Crain Bros Inc Services in Trumann, AR 72472","","https","services.crainbrosinc.com","/areas/trumann-ar-72472.html","Self-canonical service-area page candidate.","Restoration & Construction Services in Trumann, AR 72472 | Crain Bros Inc","Crain Bros Inc provides restoration, repair, construction, inspection, consulting, plumbing, waterproofing, and remodeling services in Trumann, AR 72472 and nearby Northeast Arkansas communities.","Restoration & Construction Services in Trumann, AR 72472 | Crain Bros Inc","Crain Bros Inc provides restoration, repair, construction, inspection, consulting, plumbing, waterproofing, and remodeling services in Trumann, AR 72472 and nearby Northeast Arkansas communities.","WebPage or area-served supporting page. Do not represent this as a separate physical business location unless actual business location data supports it.","FAQ content optional; consider lean area credibility content unless unique local questions are added visibly.","Indexable service-area credibility page candidate.","Area page is location/service-area credibility content."
"areas\williams-baptist-college-ar-72476.html","service-area","Crain Bros Inc in Williams Baptist College, AR 72476","Restoration & Construction Services in Williams Baptist College, AR 72476 | Crain Bros Inc","Crain Bros Inc serves Williams Baptist College, AR 72476 and surrounding Northeast Arkansas.","Crain Bros Inc provides restoration, repair, construction, inspection, consulting, plumbing, waterproofing, and remodeling services in Williams Baptist College, AR 72476 and nearby Northeast Arkansas communities.","Crain Bros Inc in Williams Baptist College, AR 72476","Crain Bros Inc Services in Williams Baptist College, AR 72476","","https","services.crainbrosinc.com","/areas/williams-baptist-college-ar-72476.html","Self-canonical service-area page candidate.","Restoration & Construction Services in Williams Baptist College, AR 72476 | Crain Bros Inc","Crain Bros Inc provides restoration, repair, construction, inspection, consulting, plumbing, waterproofing, and remodeling services in Williams Baptist College, AR 72476 and nearby Northeast Arkansas communities.","Restoration & Construction Services in Williams Baptist College, AR 72476 | Crain Bros Inc","Crain Bros Inc provides restoration, repair, construction, inspection, consulting, plumbing, waterproofing, and remodeling services in Williams Baptist College, AR 72476 and nearby Northeast Arkansas communities.","WebPage or area-served supporting page. Do not represent this as a separate physical business location unless actual business location data supports it.","FAQ content optional; consider lean area credibility content unless unique local questions are added visibly.","Indexable service-area credibility page candidate.","Area page is location/service-area credibility content."
"ads\bay-ar-72411-building-consultant-ad.html","ads-zip-landing","Building Consultant in Bay, AR | Crain Bros Inc","Building Consultant in Bay, AR 72411 | Crain Bros Inc","Building Consultant from Crain Bros Inc serving Bay, AR 72411.","Crain Bros Inc provides building consultant services for properties in Bay, AR 72411.","Building Consultant in Bay, AR","Building Consultant in Bay, AR","","https","services.crainbrosinc.com","/ads/bay-ar-72411-building-consultant-ad.html","Decision required: self-canonical if retained as unique indexable ZIP/service landing page; otherwise canonicalize according to approved ad-page strategy.","Building Consultant in Bay, AR 72411 | Crain Bros Inc","Crain Bros Inc provides building consultant services for properties in Bay, AR 72411.","Building Consultant in Bay, AR 72411 | Crain Bros Inc","Crain Bros Inc provides building consultant services for properties in Bay, AR 72411.","WebPage plus Service candidate where useful; avoid duplicate/thin-page signals by confirming unique page strategy before implementation.","FAQ content usually optional for ads pages; only add FAQPage JSON-LD if matching visible FAQ content exists.","Decision required before implementation.","Ads page is service + ZIP/location targeted. Canonical choice requires deliberate approval."
"ads\bay-ar-72411-building-inspector-ad.html","ads-zip-landing","Building Inspection Services in Bay, AR | Crain Bros Inc","Building Inspection Services in Bay, AR 72411 | Crain Bros Inc","Building Inspection Services from Crain Bros Inc serving Bay, AR 72411.","Crain Bros Inc provides building inspection services for properties in Bay, AR 72411.","Building Inspection Services in Bay, AR","Building Inspection Services in Bay, AR","","https","services.crainbrosinc.com","/ads/bay-ar-72411-building-inspector-ad.html","Decision required: self-canonical if retained as unique indexable ZIP/service landing page; otherwise canonicalize according to approved ad-page strategy.","Building Inspection Services in Bay, AR 72411 | Crain Bros Inc","Crain Bros Inc provides building inspection services for properties in Bay, AR 72411.","Building Inspection Services in Bay, AR 72411 | Crain Bros Inc","Crain Bros Inc provides building inspection services for properties in Bay, AR 72411.","WebPage plus Service candidate where useful; avoid duplicate/thin-page signals by confirming unique page strategy before implementation.","FAQ content usually optional for ads pages; only add FAQPage JSON-LD if matching visible FAQ content exists.","Decision required before implementation.","Ads page is service + ZIP/location targeted. Canonical choice requires deliberate approval."
"ads\bay-ar-72411-building-restoration-ad.html","ads-zip-landing","Building Restoration in Bay, AR | Crain Bros Inc","Building Restoration in Bay, AR 72411 | Crain Bros Inc","Building Restoration from Crain Bros Inc serving Bay, AR 72411.","Crain Bros Inc provides building restoration services for properties in Bay, AR 72411.","Building Restoration in Bay, AR","Building Restoration in Bay, AR","","https","services.crainbrosinc.com","/ads/bay-ar-72411-building-restoration-ad.html","Decision required: self-canonical if retained as unique indexable ZIP/service landing page; otherwise canonicalize according to approved ad-page strategy.","Building Restoration in Bay, AR 72411 | Crain Bros Inc","Crain Bros Inc provides building restoration services for properties in Bay, AR 72411.","Building Restoration in Bay, AR 72411 | Crain Bros Inc","Crain Bros Inc provides building restoration services for properties in Bay, AR 72411.","WebPage plus Service candidate where useful; avoid duplicate/thin-page signals by confirming unique page strategy before implementation.","FAQ content usually optional for ads pages; only add FAQPage JSON-LD if matching visible FAQ content exists.","Decision required before implementation.","Ads page is service + ZIP/location targeted. Canonical choice requires deliberate approval."
"ads\bay-ar-72411-construction-ad.html","ads-zip-landing","Construction in Bay, AR | Crain Bros Inc","Construction in Bay, AR 72411 | Crain Bros Inc","Construction from Crain Bros Inc serving Bay, AR 72411.","Crain Bros Inc provides construction services for properties in Bay, AR 72411.","Construction in Bay, AR","Construction in Bay, AR","","https","services.crainbrosinc.com","/ads/bay-ar-72411-construction-ad.html","Decision required: self-canonical if retained as unique indexable ZIP/service landing page; otherwise canonicalize according to approved ad-page strategy.","Construction in Bay, AR 72411 | Crain Bros Inc","Crain Bros Inc provides construction services for properties in Bay, AR 72411.","Construction in Bay, AR 72411 | Crain Bros Inc","Crain Bros Inc provides construction services for properties in Bay, AR 72411.","WebPage plus Service candidate where useful; avoid duplicate/thin-page signals by confirming unique page strategy before implementation.","FAQ content usually optional for ads pages; only add FAQPage JSON-LD if matching visible FAQ content exists.","Decision required before implementation.","Ads page is service + ZIP/location targeted. Canonical choice requires deliberate approval."
"ads\bay-ar-72411-fire-damage-ad.html","ads-zip-landing","Fire Damage Restoration in Bay, AR | Crain Bros Inc","Fire Damage Restoration in Bay, AR 72411 | Crain Bros Inc","Fire Damage Restoration from Crain Bros Inc serving Bay, AR 72411.","Crain Bros Inc provides fire damage restoration services for properties in Bay, AR 72411.","Fire Damage Restoration in Bay, AR","Fire Damage Restoration in Bay, AR","","https","services.crainbrosinc.com","/ads/bay-ar-72411-fire-damage-ad.html","Decision required: self-canonical if retained as unique indexable ZIP/service landing page; otherwise canonicalize according to approved ad-page strategy.","Fire Damage Restoration in Bay, AR 72411 | Crain Bros Inc","Crain Bros Inc provides fire damage restoration services for properties in Bay, AR 72411.","Fire Damage Restoration in Bay, AR 72411 | Crain Bros Inc","Crain Bros Inc provides fire damage restoration services for properties in Bay, AR 72411.","WebPage plus Service candidate where useful; avoid duplicate/thin-page signals by confirming unique page strategy before implementation.","FAQ content usually optional for ads pages; only add FAQPage JSON-LD if matching visible FAQ content exists.","Decision required before implementation.","Ads page is service + ZIP/location targeted. Canonical choice requires deliberate approval."
"ads\bay-ar-72411-plumbing-ad.html","ads-zip-landing","Plumbing in Bay, AR | Crain Bros Inc","Plumbing in Bay, AR 72411 | Crain Bros Inc","Plumbing from Crain Bros Inc serving Bay, AR 72411.","Crain Bros Inc provides plumbing services for properties in Bay, AR 72411.","Plumbing in Bay, AR","Plumbing in Bay, AR","","https","services.crainbrosinc.com","/ads/bay-ar-72411-plumbing-ad.html","Decision required: self-canonical if retained as unique indexable ZIP/service landing page; otherwise canonicalize according to approved ad-page strategy.","Plumbing in Bay, AR 72411 | Crain Bros Inc","Crain Bros Inc provides plumbing services for properties in Bay, AR 72411.","Plumbing in Bay, AR 72411 | Crain Bros Inc","Crain Bros Inc provides plumbing services for properties in Bay, AR 72411.","WebPage plus Service candidate where useful; avoid duplicate/thin-page signals by confirming unique page strategy before implementation.","FAQ content usually optional for ads pages; only add FAQPage JSON-LD if matching visible FAQ content exists.","Decision required before implementation.","Ads page is service + ZIP/location targeted. Canonical choice requires deliberate approval."
"ads\bay-ar-72411-remodeling-ad.html","ads-zip-landing","Remodeling in Bay, AR | Crain Bros Inc","Remodeling in Bay, AR 72411 | Crain Bros Inc","Remodeling from Crain Bros Inc serving Bay, AR 72411.","Crain Bros Inc provides remodeling services for properties in Bay, AR 72411.","Remodeling in Bay, AR","Remodeling in Bay, AR","","https","services.crainbrosinc.com","/ads/bay-ar-72411-remodeling-ad.html","Decision required: self-canonical if retained as unique indexable ZIP/service landing page; otherwise canonicalize according to approved ad-page strategy.","Remodeling in Bay, AR 72411 | Crain Bros Inc","Crain Bros Inc provides remodeling services for properties in Bay, AR 72411.","Remodeling in Bay, AR 72411 | Crain Bros Inc","Crain Bros Inc provides remodeling services for properties in Bay, AR 72411.","WebPage plus Service candidate where useful; avoid duplicate/thin-page signals by confirming unique page strategy before implementation.","FAQ content usually optional for ads pages; only add FAQPage JSON-LD if matching visible FAQ content exists.","Decision required before implementation.","Ads page is service + ZIP/location targeted. Canonical choice requires deliberate approval."
"ads\bay-ar-72411-water-damage-ad.html","ads-zip-landing","Water Damage Restoration in Bay, AR | Crain Bros Inc","Water Damage Restoration in Bay, AR 72411 | Crain Bros Inc","Water Damage Restoration from Crain Bros Inc serving Bay, AR 72411.","Crain Bros Inc provides water damage restoration services for properties in Bay, AR 72411.","Water Damage Restoration in Bay, AR","Water Damage Restoration in Bay, AR","","https","services.crainbrosinc.com","/ads/bay-ar-72411-water-damage-ad.html","Decision required: self-canonical if retained as unique indexable ZIP/service landing page; otherwise canonicalize according to approved ad-page strategy.","Water Damage Restoration in Bay, AR 72411 | Crain Bros Inc","Crain Bros Inc provides water damage restoration services for properties in Bay, AR 72411.","Water Damage Restoration in Bay, AR 72411 | Crain Bros Inc","Crain Bros Inc provides water damage restoration services for properties in Bay, AR 72411.","WebPage plus Service candidate where useful; avoid duplicate/thin-page signals by confirming unique page strategy before implementation.","FAQ content usually optional for ads pages; only add FAQPage JSON-LD if matching visible FAQ content exists.","Decision required before implementation.","Ads page is service + ZIP/location targeted. Canonical choice requires deliberate approval."
"ads\bay-ar-72411-waterproofing-ad.html","ads-zip-landing","Waterproofing in Bay, AR | Crain Bros Inc","Waterproofing in Bay, AR 72411 | Crain Bros Inc","Waterproofing from Crain Bros Inc serving Bay, AR 72411.","Crain Bros Inc provides waterproofing services for properties in Bay, AR 72411.","Waterproofing in Bay, AR","Waterproofing in Bay, AR","","https","services.crainbrosinc.com","/ads/bay-ar-72411-waterproofing-ad.html","Decision required: self-canonical if retained as unique indexable ZIP/service landing page; otherwise canonicalize according to approved ad-page strategy.","Waterproofing in Bay, AR 72411 | Crain Bros Inc","Crain Bros Inc provides waterproofing services for properties in Bay, AR 72411.","Waterproofing in Bay, AR 72411 | Crain Bros Inc","Crain Bros Inc provides waterproofing services for properties in Bay, AR 72411.","WebPage plus Service candidate where useful; avoid duplicate/thin-page signals by confirming unique page strategy before implementation.","FAQ content usually optional for ads pages; only add FAQPage JSON-LD if matching visible FAQ content exists.","Decision required before implementation.","Ads page is service + ZIP/location targeted. Canonical choice requires deliberate approval."
"ads\blytheville-ar-72316-building-consultant-ad.html","ads-zip-landing","Building Consultant in Blytheville, AR | Crain Bros Inc","Building Consultant in Blytheville, AR 72316 | Crain Bros Inc","Building Consultant from Crain Bros Inc serving Blytheville, AR 72316.","Crain Bros Inc provides building consultant services for properties in Blytheville, AR 72316.","Building Consultant in Blytheville, AR","Building Consultant in Blytheville, AR","","https","services.crainbrosinc.com","/ads/blytheville-ar-72316-building-consultant-ad.html","Decision required: self-canonical if retained as unique indexable ZIP/service landing page; otherwise canonicalize according to approved ad-page strategy.","Building Consultant in Blytheville, AR 72316 | Crain Bros Inc","Crain Bros Inc provides building consultant services for properties in Blytheville, AR 72316.","Building Consultant in Blytheville, AR 72316 | Crain Bros Inc","Crain Bros Inc provides building consultant services for properties in Blytheville, AR 72316.","WebPage plus Service candidate where useful; avoid duplicate/thin-page signals by confirming unique page strategy before implementation.","FAQ content usually optional for ads pages; only add FAQPage JSON-LD if matching visible FAQ content exists.","Decision required before implementation.","Ads page is service + ZIP/location targeted. Canonical choice requires deliberate approval."
"ads\blytheville-ar-72316-building-inspector-ad.html","ads-zip-landing","Building Inspection Services in Blytheville, AR | Crain Bros Inc","Building Inspection Services in Blytheville, AR 72316 | Crain Bros Inc","Building Inspection Services from Crain Bros Inc serving Blytheville, AR 72316.","Crain Bros Inc provides building inspection services for properties in Blytheville, AR 72316.","Building Inspection Services in Blytheville, AR","Building Inspection Services in Blytheville, AR","","https","services.crainbrosinc.com","/ads/blytheville-ar-72316-building-inspector-ad.html","Decision required: self-canonical if retained as unique indexable ZIP/service landing page; otherwise canonicalize according to approved ad-page strategy.","Building Inspection Services in Blytheville, AR 72316 | Crain Bros Inc","Crain Bros Inc provides building inspection services for properties in Blytheville, AR 72316.","Building Inspection Services in Blytheville, AR 72316 | Crain Bros Inc","Crain Bros Inc provides building inspection services for properties in Blytheville, AR 72316.","WebPage plus Service candidate where useful; avoid duplicate/thin-page signals by confirming unique page strategy before implementation.","FAQ content usually optional for ads pages; only add FAQPage JSON-LD if matching visible FAQ content exists.","Decision required before implementation.","Ads page is service + ZIP/location targeted. Canonical choice requires deliberate approval."
"ads\blytheville-ar-72316-building-restoration-ad.html","ads-zip-landing","Building Restoration in Blytheville, AR | Crain Bros Inc","Building Restoration in Blytheville, AR 72316 | Crain Bros Inc","Building Restoration from Crain Bros Inc serving Blytheville, AR 72316.","Crain Bros Inc provides building restoration services for properties in Blytheville, AR 72316.","Building Restoration in Blytheville, AR","Building Restoration in Blytheville, AR","","https","services.crainbrosinc.com","/ads/blytheville-ar-72316-building-restoration-ad.html","Decision required: self-canonical if retained as unique indexable ZIP/service landing page; otherwise canonicalize according to approved ad-page strategy.","Building Restoration in Blytheville, AR 72316 | Crain Bros Inc","Crain Bros Inc provides building restoration services for properties in Blytheville, AR 72316.","Building Restoration in Blytheville, AR 72316 | Crain Bros Inc","Crain Bros Inc provides building restoration services for properties in Blytheville, AR 72316.","WebPage plus Service candidate where useful; avoid duplicate/thin-page signals by confirming unique page strategy before implementation.","FAQ content usually optional for ads pages; only add FAQPage JSON-LD if matching visible FAQ content exists.","Decision required before implementation.","Ads page is service + ZIP/location targeted. Canonical choice requires deliberate approval."
"ads\blytheville-ar-72316-construction-ad.html","ads-zip-landing","Construction in Blytheville, AR | Crain Bros Inc","Construction in Blytheville, AR 72316 | Crain Bros Inc","Construction from Crain Bros Inc serving Blytheville, AR 72316.","Crain Bros Inc provides construction services for properties in Blytheville, AR 72316.","Construction in Blytheville, AR","Construction in Blytheville, AR","","https","services.crainbrosinc.com","/ads/blytheville-ar-72316-construction-ad.html","Decision required: self-canonical if retained as unique indexable ZIP/service landing page; otherwise canonicalize according to approved ad-page strategy.","Construction in Blytheville, AR 72316 | Crain Bros Inc","Crain Bros Inc provides construction services for properties in Blytheville, AR 72316.","Construction in Blytheville, AR 72316 | Crain Bros Inc","Crain Bros Inc provides construction services for properties in Blytheville, AR 72316.","WebPage plus Service candidate where useful; avoid duplicate/thin-page signals by confirming unique page strategy before implementation.","FAQ content usually optional for ads pages; only add FAQPage JSON-LD if matching visible FAQ content exists.","Decision required before implementation.","Ads page is service + ZIP/location targeted. Canonical choice requires deliberate approval."
"ads\blytheville-ar-72316-fire-damage-ad.html","ads-zip-landing","Fire Damage Restoration in Blytheville, AR | Crain Bros Inc","Fire Damage Restoration in Blytheville, AR 72316 | Crain Bros Inc","Fire Damage Restoration from Crain Bros Inc serving Blytheville, AR 72316.","Crain Bros Inc provides fire damage restoration services for properties in Blytheville, AR 72316.","Fire Damage Restoration in Blytheville, AR","Fire Damage Restoration in Blytheville, AR","","https","services.crainbrosinc.com","/ads/blytheville-ar-72316-fire-damage-ad.html","Decision required: self-canonical if retained as unique indexable ZIP/service landing page; otherwise canonicalize according to approved ad-page strategy.","Fire Damage Restoration in Blytheville, AR 72316 | Crain Bros Inc","Crain Bros Inc provides fire damage restoration services for properties in Blytheville, AR 72316.","Fire Damage Restoration in Blytheville, AR 72316 | Crain Bros Inc","Crain Bros Inc provides fire damage restoration services for properties in Blytheville, AR 72316.","WebPage plus Service candidate where useful; avoid duplicate/thin-page signals by confirming unique page strategy before implementation.","FAQ content usually optional for ads pages; only add FAQPage JSON-LD if matching visible FAQ content exists.","Decision required before implementation.","Ads page is service + ZIP/location targeted. Canonical choice requires deliberate approval."
"ads\blytheville-ar-72316-plumbing-ad.html","ads-zip-landing","Plumbing in Blytheville, AR | Crain Bros Inc","Plumbing in Blytheville, AR 72316 | Crain Bros Inc","Plumbing from Crain Bros Inc serving Blytheville, AR 72316.","Crain Bros Inc provides plumbing services for properties in Blytheville, AR 72316.","Plumbing in Blytheville, AR","Plumbing in Blytheville, AR","","https","services.crainbrosinc.com","/ads/blytheville-ar-72316-plumbing-ad.html","Decision required: self-canonical if retained as unique indexable ZIP/service landing page; otherwise canonicalize according to approved ad-page strategy.","Plumbing in Blytheville, AR 72316 | Crain Bros Inc","Crain Bros Inc provides plumbing services for properties in Blytheville, AR 72316.","Plumbing in Blytheville, AR 72316 | Crain Bros Inc","Crain Bros Inc provides plumbing services for properties in Blytheville, AR 72316.","WebPage plus Service candidate where useful; avoid duplicate/thin-page signals by confirming unique page strategy before implementation.","FAQ content usually optional for ads pages; only add FAQPage JSON-LD if matching visible FAQ content exists.","Decision required before implementation.","Ads page is service + ZIP/location targeted. Canonical choice requires deliberate approval."
"ads\blytheville-ar-72316-remodeling-ad.html","ads-zip-landing","Remodeling in Blytheville, AR | Crain Bros Inc","Remodeling in Blytheville, AR 72316 | Crain Bros Inc","Remodeling from Crain Bros Inc serving Blytheville, AR 72316.","Crain Bros Inc provides remodeling services for properties in Blytheville, AR 72316.","Remodeling in Blytheville, AR","Remodeling in Blytheville, AR","","https","services.crainbrosinc.com","/ads/blytheville-ar-72316-remodeling-ad.html","Decision required: self-canonical if retained as unique indexable ZIP/service landing page; otherwise canonicalize according to approved ad-page strategy.","Remodeling in Blytheville, AR 72316 | Crain Bros Inc","Crain Bros Inc provides remodeling services for properties in Blytheville, AR 72316.","Remodeling in Blytheville, AR 72316 | Crain Bros Inc","Crain Bros Inc provides remodeling services for properties in Blytheville, AR 72316.","WebPage plus Service candidate where useful; avoid duplicate/thin-page signals by confirming unique page strategy before implementation.","FAQ content usually optional for ads pages; only add FAQPage JSON-LD if matching visible FAQ content exists.","Decision required before implementation.","Ads page is service + ZIP/location targeted. Canonical choice requires deliberate approval."
"ads\blytheville-ar-72316-water-damage-ad.html","ads-zip-landing","Water Damage Restoration in Blytheville, AR | Crain Bros Inc","Water Damage Restoration in Blytheville, AR 72316 | Crain Bros Inc","Water Damage Restoration from Crain Bros Inc serving Blytheville, AR 72316.","Crain Bros Inc provides water damage restoration services for properties in Blytheville, AR 72316.","Water Damage Restoration in Blytheville, AR","Water Damage Restoration in Blytheville, AR","","https","services.crainbrosinc.com","/ads/blytheville-ar-72316-water-damage-ad.html","Decision required: self-canonical if retained as unique indexable ZIP/service landing page; otherwise canonicalize according to approved ad-page strategy.","Water Damage Restoration in Blytheville, AR 72316 | Crain Bros Inc","Crain Bros Inc provides water damage restoration services for properties in Blytheville, AR 72316.","Water Damage Restoration in Blytheville, AR 72316 | Crain Bros Inc","Crain Bros Inc provides water damage restoration services for properties in Blytheville, AR 72316.","WebPage plus Service candidate where useful; avoid duplicate/thin-page signals by confirming unique page strategy before implementation.","FAQ content usually optional for ads pages; only add FAQPage JSON-LD if matching visible FAQ content exists.","Decision required before implementation.","Ads page is service + ZIP/location targeted. Canonical choice requires deliberate approval."
"ads\blytheville-ar-72316-waterproofing-ad.html","ads-zip-landing","Waterproofing in Blytheville, AR | Crain Bros Inc","Waterproofing in Blytheville, AR 72316 | Crain Bros Inc","Waterproofing from Crain Bros Inc serving Blytheville, AR 72316.","Crain Bros Inc provides waterproofing services for properties in Blytheville, AR 72316.","Waterproofing in Blytheville, AR","Waterproofing in Blytheville, AR","","https","services.crainbrosinc.com","/ads/blytheville-ar-72316-waterproofing-ad.html","Decision required: self-canonical if retained as unique indexable ZIP/service landing page; otherwise canonicalize according to approved ad-page strategy.","Waterproofing in Blytheville, AR 72316 | Crain Bros Inc","Crain Bros Inc provides waterproofing services for properties in Blytheville, AR 72316.","Waterproofing in Blytheville, AR 72316 | Crain Bros Inc","Crain Bros Inc provides waterproofing services for properties in Blytheville, AR 72316.","WebPage plus Service candidate where useful; avoid duplicate/thin-page signals by confirming unique page strategy before implementation.","FAQ content usually optional for ads pages; only add FAQPage JSON-LD if matching visible FAQ content exists.","Decision required before implementation.","Ads page is service + ZIP/location targeted. Canonical choice requires deliberate approval."
"ads\bono-ar-72416-building-consultant-ad.html","ads-zip-landing","Building Consultant in Bono, AR | Crain Bros Inc","Building Consultant in Bono, AR 72416 | Crain Bros Inc","Building Consultant from Crain Bros Inc serving Bono, AR 72416.","Crain Bros Inc provides building consultant services for properties in Bono, AR 72416.","Building Consultant in Bono, AR","Building Consultant in Bono, AR","","https","services.crainbrosinc.com","/ads/bono-ar-72416-building-consultant-ad.html","Decision required: self-canonical if retained as unique indexable ZIP/service landing page; otherwise canonicalize according to approved ad-page strategy.","Building Consultant in Bono, AR 72416 | Crain Bros Inc","Crain Bros Inc provides building consultant services for properties in Bono, AR 72416.","Building Consultant in Bono, AR 72416 | Crain Bros Inc","Crain Bros Inc provides building consultant services for properties in Bono, AR 72416.","WebPage plus Service candidate where useful; avoid duplicate/thin-page signals by confirming unique page strategy before implementation.","FAQ content usually optional for ads pages; only add FAQPage JSON-LD if matching visible FAQ content exists.","Decision required before implementation.","Ads page is service + ZIP/location targeted. Canonical choice requires deliberate approval."
"ads\bono-ar-72416-building-inspector-ad.html","ads-zip-landing","Building Inspection Services in Bono, AR | Crain Bros Inc","Building Inspection Services in Bono, AR 72416 | Crain Bros Inc","Building Inspection Services from Crain Bros Inc serving Bono, AR 72416.","Crain Bros Inc provides building inspection services for properties in Bono, AR 72416.","Building Inspection Services in Bono, AR","Building Inspection Services in Bono, AR","","https","services.crainbrosinc.com","/ads/bono-ar-72416-building-inspector-ad.html","Decision required: self-canonical if retained as unique indexable ZIP/service landing page; otherwise canonicalize according to approved ad-page strategy.","Building Inspection Services in Bono, AR 72416 | Crain Bros Inc","Crain Bros Inc provides building inspection services for properties in Bono, AR 72416.","Building Inspection Services in Bono, AR 72416 | Crain Bros Inc","Crain Bros Inc provides building inspection services for properties in Bono, AR 72416.","WebPage plus Service candidate where useful; avoid duplicate/thin-page signals by confirming unique page strategy before implementation.","FAQ content usually optional for ads pages; only add FAQPage JSON-LD if matching visible FAQ content exists.","Decision required before implementation.","Ads page is service + ZIP/location targeted. Canonical choice requires deliberate approval."
"ads\bono-ar-72416-building-restoration-ad.html","ads-zip-landing","Building Restoration in Bono, AR | Crain Bros Inc","Building Restoration in Bono, AR 72416 | Crain Bros Inc","Building Restoration from Crain Bros Inc serving Bono, AR 72416.","Crain Bros Inc provides building restoration services for properties in Bono, AR 72416.","Building Restoration in Bono, AR","Building Restoration in Bono, AR","","https","services.crainbrosinc.com","/ads/bono-ar-72416-building-restoration-ad.html","Decision required: self-canonical if retained as unique indexable ZIP/service landing page; otherwise canonicalize according to approved ad-page strategy.","Building Restoration in Bono, AR 72416 | Crain Bros Inc","Crain Bros Inc provides building restoration services for properties in Bono, AR 72416.","Building Restoration in Bono, AR 72416 | Crain Bros Inc","Crain Bros Inc provides building restoration services for properties in Bono, AR 72416.","WebPage plus Service candidate where useful; avoid duplicate/thin-page signals by confirming unique page strategy before implementation.","FAQ content usually optional for ads pages; only add FAQPage JSON-LD if matching visible FAQ content exists.","Decision required before implementation.","Ads page is service + ZIP/location targeted. Canonical choice requires deliberate approval."
"ads\bono-ar-72416-construction-ad.html","ads-zip-landing","Construction in Bono, AR | Crain Bros Inc","Construction in Bono, AR 72416 | Crain Bros Inc","Construction from Crain Bros Inc serving Bono, AR 72416.","Crain Bros Inc provides construction services for properties in Bono, AR 72416.","Construction in Bono, AR","Construction in Bono, AR","","https","services.crainbrosinc.com","/ads/bono-ar-72416-construction-ad.html","Decision required: self-canonical if retained as unique indexable ZIP/service landing page; otherwise canonicalize according to approved ad-page strategy.","Construction in Bono, AR 72416 | Crain Bros Inc","Crain Bros Inc provides construction services for properties in Bono, AR 72416.","Construction in Bono, AR 72416 | Crain Bros Inc","Crain Bros Inc provides construction services for properties in Bono, AR 72416.","WebPage plus Service candidate where useful; avoid duplicate/thin-page signals by confirming unique page strategy before implementation.","FAQ content usually optional for ads pages; only add FAQPage JSON-LD if matching visible FAQ content exists.","Decision required before implementation.","Ads page is service + ZIP/location targeted. Canonical choice requires deliberate approval."
"ads\bono-ar-72416-fire-damage-ad.html","ads-zip-landing","Fire Damage Restoration in Bono, AR | Crain Bros Inc","Fire Damage Restoration in Bono, AR 72416 | Crain Bros Inc","Fire Damage Restoration from Crain Bros Inc serving Bono, AR 72416.","Crain Bros Inc provides fire damage restoration services for properties in Bono, AR 72416.","Fire Damage Restoration in Bono, AR","Fire Damage Restoration in Bono, AR","","https","services.crainbrosinc.com","/ads/bono-ar-72416-fire-damage-ad.html","Decision required: self-canonical if retained as unique indexable ZIP/service landing page; otherwise canonicalize according to approved ad-page strategy.","Fire Damage Restoration in Bono, AR 72416 | Crain Bros Inc","Crain Bros Inc provides fire damage restoration services for properties in Bono, AR 72416.","Fire Damage Restoration in Bono, AR 72416 | Crain Bros Inc","Crain Bros Inc provides fire damage restoration services for properties in Bono, AR 72416.","WebPage plus Service candidate where useful; avoid duplicate/thin-page signals by confirming unique page strategy before implementation.","FAQ content usually optional for ads pages; only add FAQPage JSON-LD if matching visible FAQ content exists.","Decision required before implementation.","Ads page is service + ZIP/location targeted. Canonical choice requires deliberate approval."
"ads\bono-ar-72416-plumbing-ad.html","ads-zip-landing","Plumbing in Bono, AR | Crain Bros Inc","Plumbing in Bono, AR 72416 | Crain Bros Inc","Plumbing from Crain Bros Inc serving Bono, AR 72416.","Crain Bros Inc provides plumbing services for properties in Bono, AR 72416.","Plumbing in Bono, AR","Plumbing in Bono, AR","","https","services.crainbrosinc.com","/ads/bono-ar-72416-plumbing-ad.html","Decision required: self-canonical if retained as unique indexable ZIP/service landing page; otherwise canonicalize according to approved ad-page strategy.","Plumbing in Bono, AR 72416 | Crain Bros Inc","Crain Bros Inc provides plumbing services for properties in Bono, AR 72416.","Plumbing in Bono, AR 72416 | Crain Bros Inc","Crain Bros Inc provides plumbing services for properties in Bono, AR 72416.","WebPage plus Service candidate where useful; avoid duplicate/thin-page signals by confirming unique page strategy before implementation.","FAQ content usually optional for ads pages; only add FAQPage JSON-LD if matching visible FAQ content exists.","Decision required before implementation.","Ads page is service + ZIP/location targeted. Canonical choice requires deliberate approval."
"ads\bono-ar-72416-remodeling-ad.html","ads-zip-landing","Remodeling in Bono, AR | Crain Bros Inc","Remodeling in Bono, AR 72416 | Crain Bros Inc","Remodeling from Crain Bros Inc serving Bono, AR 72416.","Crain Bros Inc provides remodeling services for properties in Bono, AR 72416.","Remodeling in Bono, AR","Remodeling in Bono, AR","","https","services.crainbrosinc.com","/ads/bono-ar-72416-remodeling-ad.html","Decision required: self-canonical if retained as unique indexable ZIP/service landing page; otherwise canonicalize according to approved ad-page strategy.","Remodeling in Bono, AR 72416 | Crain Bros Inc","Crain Bros Inc provides remodeling services for properties in Bono, AR 72416.","Remodeling in Bono, AR 72416 | Crain Bros Inc","Crain Bros Inc provides remodeling services for properties in Bono, AR 72416.","WebPage plus Service candidate where useful; avoid duplicate/thin-page signals by confirming unique page strategy before implementation.","FAQ content usually optional for ads pages; only add FAQPage JSON-LD if matching visible FAQ content exists.","Decision required before implementation.","Ads page is service + ZIP/location targeted. Canonical choice requires deliberate approval."
"ads\bono-ar-72416-water-damage-ad.html","ads-zip-landing","Water Damage Restoration in Bono, AR | Crain Bros Inc","Water Damage Restoration in Bono, AR 72416 | Crain Bros Inc","Water Damage Restoration from Crain Bros Inc serving Bono, AR 72416.","Crain Bros Inc provides water damage restoration services for properties in Bono, AR 72416.","Water Damage Restoration in Bono, AR","Water Damage Restoration in Bono, AR","","https","services.crainbrosinc.com","/ads/bono-ar-72416-water-damage-ad.html","Decision required: self-canonical if retained as unique indexable ZIP/service landing page; otherwise canonicalize according to approved ad-page strategy.","Water Damage Restoration in Bono, AR 72416 | Crain Bros Inc","Crain Bros Inc provides water damage restoration services for properties in Bono, AR 72416.","Water Damage Restoration in Bono, AR 72416 | Crain Bros Inc","Crain Bros Inc provides water damage restoration services for properties in Bono, AR 72416.","WebPage plus Service candidate where useful; avoid duplicate/thin-page signals by confirming unique page strategy before implementation.","FAQ content usually optional for ads pages; only add FAQPage JSON-LD if matching visible FAQ content exists.","Decision required before implementation.","Ads page is service + ZIP/location targeted. Canonical choice requires deliberate approval."
"ads\bono-ar-72416-waterproofing-ad.html","ads-zip-landing","Waterproofing in Bono, AR | Crain Bros Inc","Waterproofing in Bono, AR 72416 | Crain Bros Inc","Waterproofing from Crain Bros Inc serving Bono, AR 72416.","Crain Bros Inc provides waterproofing services for properties in Bono, AR 72416.","Waterproofing in Bono, AR","Waterproofing in Bono, AR","","https","services.crainbrosinc.com","/ads/bono-ar-72416-waterproofing-ad.html","Decision required: self-canonical if retained as unique indexable ZIP/service landing page; otherwise canonicalize according to approved ad-page strategy.","Waterproofing in Bono, AR 72416 | Crain Bros Inc","Crain Bros Inc provides waterproofing services for properties in Bono, AR 72416.","Waterproofing in Bono, AR 72416 | Crain Bros Inc","Crain Bros Inc provides waterproofing services for properties in Bono, AR 72416.","WebPage plus Service candidate where useful; avoid duplicate/thin-page signals by confirming unique page strategy before implementation.","FAQ content usually optional for ads pages; only add FAQPage JSON-LD if matching visible FAQ content exists.","Decision required before implementation.","Ads page is service + ZIP/location targeted. Canonical choice requires deliberate approval."
"ads\brookland-ar-72417-building-consultant-ad.html","ads-zip-landing","Building Consultant in Brookland, AR | Crain Bros Inc","Building Consultant in Brookland, AR 72417 | Crain Bros Inc","Building Consultant from Crain Bros Inc serving Brookland, AR 72417.","Crain Bros Inc provides building consultant services for properties in Brookland, AR 72417.","Building Consultant in Brookland, AR","Building Consultant in Brookland, AR","","https","services.crainbrosinc.com","/ads/brookland-ar-72417-building-consultant-ad.html","Decision required: self-canonical if retained as unique indexable ZIP/service landing page; otherwise canonicalize according to approved ad-page strategy.","Building Consultant in Brookland, AR 72417 | Crain Bros Inc","Crain Bros Inc provides building consultant services for properties in Brookland, AR 72417.","Building Consultant in Brookland, AR 72417 | Crain Bros Inc","Crain Bros Inc provides building consultant services for properties in Brookland, AR 72417.","WebPage plus Service candidate where useful; avoid duplicate/thin-page signals by confirming unique page strategy before implementation.","FAQ content usually optional for ads pages; only add FAQPage JSON-LD if matching visible FAQ content exists.","Decision required before implementation.","Ads page is service + ZIP/location targeted. Canonical choice requires deliberate approval."
"ads\brookland-ar-72417-building-inspector-ad.html","ads-zip-landing","Building Inspection Services in Brookland, AR | Crain Bros Inc","Building Inspection Services in Brookland, AR 72417 | Crain Bros Inc","Building Inspection Services from Crain Bros Inc serving Brookland, AR 72417.","Crain Bros Inc provides building inspection services for properties in Brookland, AR 72417.","Building Inspection Services in Brookland, AR","Building Inspection Services in Brookland, AR","","https","services.crainbrosinc.com","/ads/brookland-ar-72417-building-inspector-ad.html","Decision required: self-canonical if retained as unique indexable ZIP/service landing page; otherwise canonicalize according to approved ad-page strategy.","Building Inspection Services in Brookland, AR 72417 | Crain Bros Inc","Crain Bros Inc provides building inspection services for properties in Brookland, AR 72417.","Building Inspection Services in Brookland, AR 72417 | Crain Bros Inc","Crain Bros Inc provides building inspection services for properties in Brookland, AR 72417.","WebPage plus Service candidate where useful; avoid duplicate/thin-page signals by confirming unique page strategy before implementation.","FAQ content usually optional for ads pages; only add FAQPage JSON-LD if matching visible FAQ content exists.","Decision required before implementation.","Ads page is service + ZIP/location targeted. Canonical choice requires deliberate approval."
"ads\brookland-ar-72417-building-restoration-ad.html","ads-zip-landing","Building Restoration in Brookland, AR | Crain Bros Inc","Building Restoration in Brookland, AR 72417 | Crain Bros Inc","Building Restoration from Crain Bros Inc serving Brookland, AR 72417.","Crain Bros Inc provides building restoration services for properties in Brookland, AR 72417.","Building Restoration in Brookland, AR","Building Restoration in Brookland, AR","","https","services.crainbrosinc.com","/ads/brookland-ar-72417-building-restoration-ad.html","Decision required: self-canonical if retained as unique indexable ZIP/service landing page; otherwise canonicalize according to approved ad-page strategy.","Building Restoration in Brookland, AR 72417 | Crain Bros Inc","Crain Bros Inc provides building restoration services for properties in Brookland, AR 72417.","Building Restoration in Brookland, AR 72417 | Crain Bros Inc","Crain Bros Inc provides building restoration services for properties in Brookland, AR 72417.","WebPage plus Service candidate where useful; avoid duplicate/thin-page signals by confirming unique page strategy before implementation.","FAQ content usually optional for ads pages; only add FAQPage JSON-LD if matching visible FAQ content exists.","Decision required before implementation.","Ads page is service + ZIP/location targeted. Canonical choice requires deliberate approval."
"ads\brookland-ar-72417-construction-ad.html","ads-zip-landing","Construction in Brookland, AR | Crain Bros Inc","Construction in Brookland, AR 72417 | Crain Bros Inc","Construction from Crain Bros Inc serving Brookland, AR 72417.","Crain Bros Inc provides construction services for properties in Brookland, AR 72417.","Construction in Brookland, AR","Construction in Brookland, AR","","https","services.crainbrosinc.com","/ads/brookland-ar-72417-construction-ad.html","Decision required: self-canonical if retained as unique indexable ZIP/service landing page; otherwise canonicalize according to approved ad-page strategy.","Construction in Brookland, AR 72417 | Crain Bros Inc","Crain Bros Inc provides construction services for properties in Brookland, AR 72417.","Construction in Brookland, AR 72417 | Crain Bros Inc","Crain Bros Inc provides construction services for properties in Brookland, AR 72417.","WebPage plus Service candidate where useful; avoid duplicate/thin-page signals by confirming unique page strategy before implementation.","FAQ content usually optional for ads pages; only add FAQPage JSON-LD if matching visible FAQ content exists.","Decision required before implementation.","Ads page is service + ZIP/location targeted. Canonical choice requires deliberate approval."
"ads\brookland-ar-72417-fire-damage-ad.html","ads-zip-landing","Fire Damage Restoration in Brookland, AR | Crain Bros Inc","Fire Damage Restoration in Brookland, AR 72417 | Crain Bros Inc","Fire Damage Restoration from Crain Bros Inc serving Brookland, AR 72417.","Crain Bros Inc provides fire damage restoration services for properties in Brookland, AR 72417.","Fire Damage Restoration in Brookland, AR","Fire Damage Restoration in Brookland, AR","","https","services.crainbrosinc.com","/ads/brookland-ar-72417-fire-damage-ad.html","Decision required: self-canonical if retained as unique indexable ZIP/service landing page; otherwise canonicalize according to approved ad-page strategy.","Fire Damage Restoration in Brookland, AR 72417 | Crain Bros Inc","Crain Bros Inc provides fire damage restoration services for properties in Brookland, AR 72417.","Fire Damage Restoration in Brookland, AR 72417 | Crain Bros Inc","Crain Bros Inc provides fire damage restoration services for properties in Brookland, AR 72417.","WebPage plus Service candidate where useful; avoid duplicate/thin-page signals by confirming unique page strategy before implementation.","FAQ content usually optional for ads pages; only add FAQPage JSON-LD if matching visible FAQ content exists.","Decision required before implementation.","Ads page is service + ZIP/location targeted. Canonical choice requires deliberate approval."
"ads\brookland-ar-72417-plumbing-ad.html","ads-zip-landing","Plumbing in Brookland, AR | Crain Bros Inc","Plumbing in Brookland, AR 72417 | Crain Bros Inc","Plumbing from Crain Bros Inc serving Brookland, AR 72417.","Crain Bros Inc provides plumbing services for properties in Brookland, AR 72417.","Plumbing in Brookland, AR","Plumbing in Brookland, AR","","https","services.crainbrosinc.com","/ads/brookland-ar-72417-plumbing-ad.html","Decision required: self-canonical if retained as unique indexable ZIP/service landing page; otherwise canonicalize according to approved ad-page strategy.","Plumbing in Brookland, AR 72417 | Crain Bros Inc","Crain Bros Inc provides plumbing services for properties in Brookland, AR 72417.","Plumbing in Brookland, AR 72417 | Crain Bros Inc","Crain Bros Inc provides plumbing services for properties in Brookland, AR 72417.","WebPage plus Service candidate where useful; avoid duplicate/thin-page signals by confirming unique page strategy before implementation.","FAQ content usually optional for ads pages; only add FAQPage JSON-LD if matching visible FAQ content exists.","Decision required before implementation.","Ads page is service + ZIP/location targeted. Canonical choice requires deliberate approval."
"ads\brookland-ar-72417-remodeling-ad.html","ads-zip-landing","Remodeling in Brookland, AR | Crain Bros Inc","Remodeling in Brookland, AR 72417 | Crain Bros Inc","Remodeling from Crain Bros Inc serving Brookland, AR 72417.","Crain Bros Inc provides remodeling services for properties in Brookland, AR 72417.","Remodeling in Brookland, AR","Remodeling in Brookland, AR","","https","services.crainbrosinc.com","/ads/brookland-ar-72417-remodeling-ad.html","Decision required: self-canonical if retained as unique indexable ZIP/service landing page; otherwise canonicalize according to approved ad-page strategy.","Remodeling in Brookland, AR 72417 | Crain Bros Inc","Crain Bros Inc provides remodeling services for properties in Brookland, AR 72417.","Remodeling in Brookland, AR 72417 | Crain Bros Inc","Crain Bros Inc provides remodeling services for properties in Brookland, AR 72417.","WebPage plus Service candidate where useful; avoid duplicate/thin-page signals by confirming unique page strategy before implementation.","FAQ content usually optional for ads pages; only add FAQPage JSON-LD if matching visible FAQ content exists.","Decision required before implementation.","Ads page is service + ZIP/location targeted. Canonical choice requires deliberate approval."
"ads\brookland-ar-72417-water-damage-ad.html","ads-zip-landing","Water Damage Restoration in Brookland, AR | Crain Bros Inc","Water Damage Restoration in Brookland, AR 72417 | Crain Bros Inc","Water Damage Restoration from Crain Bros Inc serving Brookland, AR 72417.","Crain Bros Inc provides water damage restoration services for properties in Brookland, AR 72417.","Water Damage Restoration in Brookland, AR","Water Damage Restoration in Brookland, AR","","https","services.crainbrosinc.com","/ads/brookland-ar-72417-water-damage-ad.html","Decision required: self-canonical if retained as unique indexable ZIP/service landing page; otherwise canonicalize according to approved ad-page strategy.","Water Damage Restoration in Brookland, AR 72417 | Crain Bros Inc","Crain Bros Inc provides water damage restoration services for properties in Brookland, AR 72417.","Water Damage Restoration in Brookland, AR 72417 | Crain Bros Inc","Crain Bros Inc provides water damage restoration services for properties in Brookland, AR 72417.","WebPage plus Service candidate where useful; avoid duplicate/thin-page signals by confirming unique page strategy before implementation.","FAQ content usually optional for ads pages; only add FAQPage JSON-LD if matching visible FAQ content exists.","Decision required before implementation.","Ads page is service + ZIP/location targeted. Canonical choice requires deliberate approval."
"ads\brookland-ar-72417-waterproofing-ad.html","ads-zip-landing","Waterproofing in Brookland, AR | Crain Bros Inc","Waterproofing in Brookland, AR 72417 | Crain Bros Inc","Waterproofing from Crain Bros Inc serving Brookland, AR 72417.","Crain Bros Inc provides waterproofing services for properties in Brookland, AR 72417.","Waterproofing in Brookland, AR","Waterproofing in Brookland, AR","","https","services.crainbrosinc.com","/ads/brookland-ar-72417-waterproofing-ad.html","Decision required: self-canonical if retained as unique indexable ZIP/service landing page; otherwise canonicalize according to approved ad-page strategy.","Waterproofing in Brookland, AR 72417 | Crain Bros Inc","Crain Bros Inc provides waterproofing services for properties in Brookland, AR 72417.","Waterproofing in Brookland, AR 72417 | Crain Bros Inc","Crain Bros Inc provides waterproofing services for properties in Brookland, AR 72417.","WebPage plus Service candidate where useful; avoid duplicate/thin-page signals by confirming unique page strategy before implementation.","FAQ content usually optional for ads pages; only add FAQPage JSON-LD if matching visible FAQ content exists.","Decision required before implementation.","Ads page is service + ZIP/location targeted. Canonical choice requires deliberate approval."
"ads\caraway-ar-72419-building-consultant-ad.html","ads-zip-landing","Building Consultant in Caraway, AR | Crain Bros Inc","Building Consultant in Caraway, AR 72419 | Crain Bros Inc","Building Consultant from Crain Bros Inc serving Caraway, AR 72419.","Crain Bros Inc provides building consultant services for properties in Caraway, AR 72419.","Building Consultant in Caraway, AR","Building Consultant in Caraway, AR","","https","services.crainbrosinc.com","/ads/caraway-ar-72419-building-consultant-ad.html","Decision required: self-canonical if retained as unique indexable ZIP/service landing page; otherwise canonicalize according to approved ad-page strategy.","Building Consultant in Caraway, AR 72419 | Crain Bros Inc","Crain Bros Inc provides building consultant services for properties in Caraway, AR 72419.","Building Consultant in Caraway, AR 72419 | Crain Bros Inc","Crain Bros Inc provides building consultant services for properties in Caraway, AR 72419.","WebPage plus Service candidate where useful; avoid duplicate/thin-page signals by confirming unique page strategy before implementation.","FAQ content usually optional for ads pages; only add FAQPage JSON-LD if matching visible FAQ content exists.","Decision required before implementation.","Ads page is service + ZIP/location targeted. Canonical choice requires deliberate approval."
"ads\caraway-ar-72419-building-inspector-ad.html","ads-zip-landing","Building Inspection Services in Caraway, AR | Crain Bros Inc","Building Inspection Services in Caraway, AR 72419 | Crain Bros Inc","Building Inspection Services from Crain Bros Inc serving Caraway, AR 72419.","Crain Bros Inc provides building inspection services for properties in Caraway, AR 72419.","Building Inspection Services in Caraway, AR","Building Inspection Services in Caraway, AR","","https","services.crainbrosinc.com","/ads/caraway-ar-72419-building-inspector-ad.html","Decision required: self-canonical if retained as unique indexable ZIP/service landing page; otherwise canonicalize according to approved ad-page strategy.","Building Inspection Services in Caraway, AR 72419 | Crain Bros Inc","Crain Bros Inc provides building inspection services for properties in Caraway, AR 72419.","Building Inspection Services in Caraway, AR 72419 | Crain Bros Inc","Crain Bros Inc provides building inspection services for properties in Caraway, AR 72419.","WebPage plus Service candidate where useful; avoid duplicate/thin-page signals by confirming unique page strategy before implementation.","FAQ content usually optional for ads pages; only add FAQPage JSON-LD if matching visible FAQ content exists.","Decision required before implementation.","Ads page is service + ZIP/location targeted. Canonical choice requires deliberate approval."
"ads\caraway-ar-72419-building-restoration-ad.html","ads-zip-landing","Building Restoration in Caraway, AR | Crain Bros Inc","Building Restoration in Caraway, AR 72419 | Crain Bros Inc","Building Restoration from Crain Bros Inc serving Caraway, AR 72419.","Crain Bros Inc provides building restoration services for properties in Caraway, AR 72419.","Building Restoration in Caraway, AR","Building Restoration in Caraway, AR","","https","services.crainbrosinc.com","/ads/caraway-ar-72419-building-restoration-ad.html","Decision required: self-canonical if retained as unique indexable ZIP/service landing page; otherwise canonicalize according to approved ad-page strategy.","Building Restoration in Caraway, AR 72419 | Crain Bros Inc","Crain Bros Inc provides building restoration services for properties in Caraway, AR 72419.","Building Restoration in Caraway, AR 72419 | Crain Bros Inc","Crain Bros Inc provides building restoration services for properties in Caraway, AR 72419.","WebPage plus Service candidate where useful; avoid duplicate/thin-page signals by confirming unique page strategy before implementation.","FAQ content usually optional for ads pages; only add FAQPage JSON-LD if matching visible FAQ content exists.","Decision required before implementation.","Ads page is service + ZIP/location targeted. Canonical choice requires deliberate approval."
"ads\caraway-ar-72419-construction-ad.html","ads-zip-landing","Construction in Caraway, AR | Crain Bros Inc","Construction in Caraway, AR 72419 | Crain Bros Inc","Construction from Crain Bros Inc serving Caraway, AR 72419.","Crain Bros Inc provides construction services for properties in Caraway, AR 72419.","Construction in Caraway, AR","Construction in Caraway, AR","","https","services.crainbrosinc.com","/ads/caraway-ar-72419-construction-ad.html","Decision required: self-canonical if retained as unique indexable ZIP/service landing page; otherwise canonicalize according to approved ad-page strategy.","Construction in Caraway, AR 72419 | Crain Bros Inc","Crain Bros Inc provides construction services for properties in Caraway, AR 72419.","Construction in Caraway, AR 72419 | Crain Bros Inc","Crain Bros Inc provides construction services for properties in Caraway, AR 72419.","WebPage plus Service candidate where useful; avoid duplicate/thin-page signals by confirming unique page strategy before implementation.","FAQ content usually optional for ads pages; only add FAQPage JSON-LD if matching visible FAQ content exists.","Decision required before implementation.","Ads page is service + ZIP/location targeted. Canonical choice requires deliberate approval."
"ads\caraway-ar-72419-fire-damage-ad.html","ads-zip-landing","Fire Damage Restoration in Caraway, AR | Crain Bros Inc","Fire Damage Restoration in Caraway, AR 72419 | Crain Bros Inc","Fire Damage Restoration from Crain Bros Inc serving Caraway, AR 72419.","Crain Bros Inc provides fire damage restoration services for properties in Caraway, AR 72419.","Fire Damage Restoration in Caraway, AR","Fire Damage Restoration in Caraway, AR","","https","services.crainbrosinc.com","/ads/caraway-ar-72419-fire-damage-ad.html","Decision required: self-canonical if retained as unique indexable ZIP/service landing page; otherwise canonicalize according to approved ad-page strategy.","Fire Damage Restoration in Caraway, AR 72419 | Crain Bros Inc","Crain Bros Inc provides fire damage restoration services for properties in Caraway, AR 72419.","Fire Damage Restoration in Caraway, AR 72419 | Crain Bros Inc","Crain Bros Inc provides fire damage restoration services for properties in Caraway, AR 72419.","WebPage plus Service candidate where useful; avoid duplicate/thin-page signals by confirming unique page strategy before implementation.","FAQ content usually optional for ads pages; only add FAQPage JSON-LD if matching visible FAQ content exists.","Decision required before implementation.","Ads page is service + ZIP/location targeted. Canonical choice requires deliberate approval."
"ads\caraway-ar-72419-plumbing-ad.html","ads-zip-landing","Plumbing in Caraway, AR | Crain Bros Inc","Plumbing in Caraway, AR 72419 | Crain Bros Inc","Plumbing from Crain Bros Inc serving Caraway, AR 72419.","Crain Bros Inc provides plumbing services for properties in Caraway, AR 72419.","Plumbing in Caraway, AR","Plumbing in Caraway, AR","","https","services.crainbrosinc.com","/ads/caraway-ar-72419-plumbing-ad.html","Decision required: self-canonical if retained as unique indexable ZIP/service landing page; otherwise canonicalize according to approved ad-page strategy.","Plumbing in Caraway, AR 72419 | Crain Bros Inc","Crain Bros Inc provides plumbing services for properties in Caraway, AR 72419.","Plumbing in Caraway, AR 72419 | Crain Bros Inc","Crain Bros Inc provides plumbing services for properties in Caraway, AR 72419.","WebPage plus Service candidate where useful; avoid duplicate/thin-page signals by confirming unique page strategy before implementation.","FAQ content usually optional for ads pages; only add FAQPage JSON-LD if matching visible FAQ content exists.","Decision required before implementation.","Ads page is service + ZIP/location targeted. Canonical choice requires deliberate approval."
"ads\caraway-ar-72419-remodeling-ad.html","ads-zip-landing","Remodeling in Caraway, AR | Crain Bros Inc","Remodeling in Caraway, AR 72419 | Crain Bros Inc","Remodeling from Crain Bros Inc serving Caraway, AR 72419.","Crain Bros Inc provides remodeling services for properties in Caraway, AR 72419.","Remodeling in Caraway, AR","Remodeling in Caraway, AR","","https","services.crainbrosinc.com","/ads/caraway-ar-72419-remodeling-ad.html","Decision required: self-canonical if retained as unique indexable ZIP/service landing page; otherwise canonicalize according to approved ad-page strategy.","Remodeling in Caraway, AR 72419 | Crain Bros Inc","Crain Bros Inc provides remodeling services for properties in Caraway, AR 72419.","Remodeling in Caraway, AR 72419 | Crain Bros Inc","Crain Bros Inc provides remodeling services for properties in Caraway, AR 72419.","WebPage plus Service candidate where useful; avoid duplicate/thin-page signals by confirming unique page strategy before implementation.","FAQ content usually optional for ads pages; only add FAQPage JSON-LD if matching visible FAQ content exists.","Decision required before implementation.","Ads page is service + ZIP/location targeted. Canonical choice requires deliberate approval."
"ads\caraway-ar-72419-water-damage-ad.html","ads-zip-landing","Water Damage Restoration in Caraway, AR | Crain Bros Inc","Water Damage Restoration in Caraway, AR 72419 | Crain Bros Inc","Water Damage Restoration from Crain Bros Inc serving Caraway, AR 72419.","Crain Bros Inc provides water damage restoration services for properties in Caraway, AR 72419.","Water Damage Restoration in Caraway, AR","Water Damage Restoration in Caraway, AR","","https","services.crainbrosinc.com","/ads/caraway-ar-72419-water-damage-ad.html","Decision required: self-canonical if retained as unique indexable ZIP/service landing page; otherwise canonicalize according to approved ad-page strategy.","Water Damage Restoration in Caraway, AR 72419 | Crain Bros Inc","Crain Bros Inc provides water damage restoration services for properties in Caraway, AR 72419.","Water Damage Restoration in Caraway, AR 72419 | Crain Bros Inc","Crain Bros Inc provides water damage restoration services for properties in Caraway, AR 72419.","WebPage plus Service candidate where useful; avoid duplicate/thin-page signals by confirming unique page strategy before implementation.","FAQ content usually optional for ads pages; only add FAQPage JSON-LD if matching visible FAQ content exists.","Decision required before implementation.","Ads page is service + ZIP/location targeted. Canonical choice requires deliberate approval."
"ads\caraway-ar-72419-waterproofing-ad.html","ads-zip-landing","Waterproofing in Caraway, AR | Crain Bros Inc","Waterproofing in Caraway, AR 72419 | Crain Bros Inc","Waterproofing from Crain Bros Inc serving Caraway, AR 72419.","Crain Bros Inc provides waterproofing services for properties in Caraway, AR 72419.","Waterproofing in Caraway, AR","Waterproofing in Caraway, AR","","https","services.crainbrosinc.com","/ads/caraway-ar-72419-waterproofing-ad.html","Decision required: self-canonical if retained as unique indexable ZIP/service landing page; otherwise canonicalize according to approved ad-page strategy.","Waterproofing in Caraway, AR 72419 | Crain Bros Inc","Crain Bros Inc provides waterproofing services for properties in Caraway, AR 72419.","Waterproofing in Caraway, AR 72419 | Crain Bros Inc","Crain Bros Inc provides waterproofing services for properties in Caraway, AR 72419.","WebPage plus Service candidate where useful; avoid duplicate/thin-page signals by confirming unique page strategy before implementation.","FAQ content usually optional for ads pages; only add FAQPage JSON-LD if matching visible FAQ content exists.","Decision required before implementation.","Ads page is service + ZIP/location targeted. Canonical choice requires deliberate approval."
"ads\gosnell-ar-72315-building-consultant-ad.html","ads-zip-landing","Building Consultant in Gosnell, AR | Crain Bros Inc","Building Consultant in Gosnell, AR 72315 | Crain Bros Inc","Building Consultant from Crain Bros Inc serving Gosnell, AR 72315.","Crain Bros Inc provides building consultant services for properties in Gosnell, AR 72315.","Building Consultant in Gosnell, AR","Building Consultant in Gosnell, AR","","https","services.crainbrosinc.com","/ads/gosnell-ar-72315-building-consultant-ad.html","Decision required: self-canonical if retained as unique indexable ZIP/service landing page; otherwise canonicalize according to approved ad-page strategy.","Building Consultant in Gosnell, AR 72315 | Crain Bros Inc","Crain Bros Inc provides building consultant services for properties in Gosnell, AR 72315.","Building Consultant in Gosnell, AR 72315 | Crain Bros Inc","Crain Bros Inc provides building consultant services for properties in Gosnell, AR 72315.","WebPage plus Service candidate where useful; avoid duplicate/thin-page signals by confirming unique page strategy before implementation.","FAQ content usually optional for ads pages; only add FAQPage JSON-LD if matching visible FAQ content exists.","Decision required before implementation.","Ads page is service + ZIP/location targeted. Canonical choice requires deliberate approval."
"ads\gosnell-ar-72315-building-inspector-ad.html","ads-zip-landing","Building Inspection Services in Gosnell, AR | Crain Bros Inc","Building Inspection Services in Gosnell, AR 72315 | Crain Bros Inc","Building Inspection Services from Crain Bros Inc serving Gosnell, AR 72315.","Crain Bros Inc provides building inspection services for properties in Gosnell, AR 72315.","Building Inspection Services in Gosnell, AR","Building Inspection Services in Gosnell, AR","","https","services.crainbrosinc.com","/ads/gosnell-ar-72315-building-inspector-ad.html","Decision required: self-canonical if retained as unique indexable ZIP/service landing page; otherwise canonicalize according to approved ad-page strategy.","Building Inspection Services in Gosnell, AR 72315 | Crain Bros Inc","Crain Bros Inc provides building inspection services for properties in Gosnell, AR 72315.","Building Inspection Services in Gosnell, AR 72315 | Crain Bros Inc","Crain Bros Inc provides building inspection services for properties in Gosnell, AR 72315.","WebPage plus Service candidate where useful; avoid duplicate/thin-page signals by confirming unique page strategy before implementation.","FAQ content usually optional for ads pages; only add FAQPage JSON-LD if matching visible FAQ content exists.","Decision required before implementation.","Ads page is service + ZIP/location targeted. Canonical choice requires deliberate approval."
"ads\gosnell-ar-72315-building-restoration-ad.html","ads-zip-landing","Building Restoration in Gosnell, AR | Crain Bros Inc","Building Restoration in Gosnell, AR 72315 | Crain Bros Inc","Building Restoration from Crain Bros Inc serving Gosnell, AR 72315.","Crain Bros Inc provides building restoration services for properties in Gosnell, AR 72315.","Building Restoration in Gosnell, AR","Building Restoration in Gosnell, AR","","https","services.crainbrosinc.com","/ads/gosnell-ar-72315-building-restoration-ad.html","Decision required: self-canonical if retained as unique indexable ZIP/service landing page; otherwise canonicalize according to approved ad-page strategy.","Building Restoration in Gosnell, AR 72315 | Crain Bros Inc","Crain Bros Inc provides building restoration services for properties in Gosnell, AR 72315.","Building Restoration in Gosnell, AR 72315 | Crain Bros Inc","Crain Bros Inc provides building restoration services for properties in Gosnell, AR 72315.","WebPage plus Service candidate where useful; avoid duplicate/thin-page signals by confirming unique page strategy before implementation.","FAQ content usually optional for ads pages; only add FAQPage JSON-LD if matching visible FAQ content exists.","Decision required before implementation.","Ads page is service + ZIP/location targeted. Canonical choice requires deliberate approval."
"ads\gosnell-ar-72315-construction-ad.html","ads-zip-landing","Construction in Gosnell, AR | Crain Bros Inc","Construction in Gosnell, AR 72315 | Crain Bros Inc","Construction from Crain Bros Inc serving Gosnell, AR 72315.","Crain Bros Inc provides construction services for properties in Gosnell, AR 72315.","Construction in Gosnell, AR","Construction in Gosnell, AR","","https","services.crainbrosinc.com","/ads/gosnell-ar-72315-construction-ad.html","Decision required: self-canonical if retained as unique indexable ZIP/service landing page; otherwise canonicalize according to approved ad-page strategy.","Construction in Gosnell, AR 72315 | Crain Bros Inc","Crain Bros Inc provides construction services for properties in Gosnell, AR 72315.","Construction in Gosnell, AR 72315 | Crain Bros Inc","Crain Bros Inc provides construction services for properties in Gosnell, AR 72315.","WebPage plus Service candidate where useful; avoid duplicate/thin-page signals by confirming unique page strategy before implementation.","FAQ content usually optional for ads pages; only add FAQPage JSON-LD if matching visible FAQ content exists.","Decision required before implementation.","Ads page is service + ZIP/location targeted. Canonical choice requires deliberate approval."
"ads\gosnell-ar-72315-fire-damage-ad.html","ads-zip-landing","Fire Damage Restoration in Gosnell, AR | Crain Bros Inc","Fire Damage Restoration in Gosnell, AR 72315 | Crain Bros Inc","Fire Damage Restoration from Crain Bros Inc serving Gosnell, AR 72315.","Crain Bros Inc provides fire damage restoration services for properties in Gosnell, AR 72315.","Fire Damage Restoration in Gosnell, AR","Fire Damage Restoration in Gosnell, AR","","https","services.crainbrosinc.com","/ads/gosnell-ar-72315-fire-damage-ad.html","Decision required: self-canonical if retained as unique indexable ZIP/service landing page; otherwise canonicalize according to approved ad-page strategy.","Fire Damage Restoration in Gosnell, AR 72315 | Crain Bros Inc","Crain Bros Inc provides fire damage restoration services for properties in Gosnell, AR 72315.","Fire Damage Restoration in Gosnell, AR 72315 | Crain Bros Inc","Crain Bros Inc provides fire damage restoration services for properties in Gosnell, AR 72315.","WebPage plus Service candidate where useful; avoid duplicate/thin-page signals by confirming unique page strategy before implementation.","FAQ content usually optional for ads pages; only add FAQPage JSON-LD if matching visible FAQ content exists.","Decision required before implementation.","Ads page is service + ZIP/location targeted. Canonical choice requires deliberate approval."
"ads\gosnell-ar-72315-plumbing-ad.html","ads-zip-landing","Plumbing in Gosnell, AR | Crain Bros Inc","Plumbing in Gosnell, AR 72315 | Crain Bros Inc","Plumbing from Crain Bros Inc serving Gosnell, AR 72315.","Crain Bros Inc provides plumbing services for properties in Gosnell, AR 72315.","Plumbing in Gosnell, AR","Plumbing in Gosnell, AR","","https","services.crainbrosinc.com","/ads/gosnell-ar-72315-plumbing-ad.html","Decision required: self-canonical if retained as unique indexable ZIP/service landing page; otherwise canonicalize according to approved ad-page strategy.","Plumbing in Gosnell, AR 72315 | Crain Bros Inc","Crain Bros Inc provides plumbing services for properties in Gosnell, AR 72315.","Plumbing in Gosnell, AR 72315 | Crain Bros Inc","Crain Bros Inc provides plumbing services for properties in Gosnell, AR 72315.","WebPage plus Service candidate where useful; avoid duplicate/thin-page signals by confirming unique page strategy before implementation.","FAQ content usually optional for ads pages; only add FAQPage JSON-LD if matching visible FAQ content exists.","Decision required before implementation.","Ads page is service + ZIP/location targeted. Canonical choice requires deliberate approval."
"ads\gosnell-ar-72315-remodeling-ad.html","ads-zip-landing","Remodeling in Gosnell, AR | Crain Bros Inc","Remodeling in Gosnell, AR 72315 | Crain Bros Inc","Remodeling from Crain Bros Inc serving Gosnell, AR 72315.","Crain Bros Inc provides remodeling services for properties in Gosnell, AR 72315.","Remodeling in Gosnell, AR","Remodeling in Gosnell, AR","","https","services.crainbrosinc.com","/ads/gosnell-ar-72315-remodeling-ad.html","Decision required: self-canonical if retained as unique indexable ZIP/service landing page; otherwise canonicalize according to approved ad-page strategy.","Remodeling in Gosnell, AR 72315 | Crain Bros Inc","Crain Bros Inc provides remodeling services for properties in Gosnell, AR 72315.","Remodeling in Gosnell, AR 72315 | Crain Bros Inc","Crain Bros Inc provides remodeling services for properties in Gosnell, AR 72315.","WebPage plus Service candidate where useful; avoid duplicate/thin-page signals by confirming unique page strategy before implementation.","FAQ content usually optional for ads pages; only add FAQPage JSON-LD if matching visible FAQ content exists.","Decision required before implementation.","Ads page is service + ZIP/location targeted. Canonical choice requires deliberate approval."
"ads\gosnell-ar-72315-water-damage-ad.html","ads-zip-landing","Water Damage Restoration in Gosnell, AR | Crain Bros Inc","Water Damage Restoration in Gosnell, AR 72315 | Crain Bros Inc","Water Damage Restoration from Crain Bros Inc serving Gosnell, AR 72315.","Crain Bros Inc provides water damage restoration services for properties in Gosnell, AR 72315.","Water Damage Restoration in Gosnell, AR","Water Damage Restoration in Gosnell, AR","","https","services.crainbrosinc.com","/ads/gosnell-ar-72315-water-damage-ad.html","Decision required: self-canonical if retained as unique indexable ZIP/service landing page; otherwise canonicalize according to approved ad-page strategy.","Water Damage Restoration in Gosnell, AR 72315 | Crain Bros Inc","Crain Bros Inc provides water damage restoration services for properties in Gosnell, AR 72315.","Water Damage Restoration in Gosnell, AR 72315 | Crain Bros Inc","Crain Bros Inc provides water damage restoration services for properties in Gosnell, AR 72315.","WebPage plus Service candidate where useful; avoid duplicate/thin-page signals by confirming unique page strategy before implementation.","FAQ content usually optional for ads pages; only add FAQPage JSON-LD if matching visible FAQ content exists.","Decision required before implementation.","Ads page is service + ZIP/location targeted. Canonical choice requires deliberate approval."
"ads\gosnell-ar-72315-waterproofing-ad.html","ads-zip-landing","Waterproofing in Gosnell, AR | Crain Bros Inc","Waterproofing in Gosnell, AR 72315 | Crain Bros Inc","Waterproofing from Crain Bros Inc serving Gosnell, AR 72315.","Crain Bros Inc provides waterproofing services for properties in Gosnell, AR 72315.","Waterproofing in Gosnell, AR","Waterproofing in Gosnell, AR","","https","services.crainbrosinc.com","/ads/gosnell-ar-72315-waterproofing-ad.html","Decision required: self-canonical if retained as unique indexable ZIP/service landing page; otherwise canonicalize according to approved ad-page strategy.","Waterproofing in Gosnell, AR 72315 | Crain Bros Inc","Crain Bros Inc provides waterproofing services for properties in Gosnell, AR 72315.","Waterproofing in Gosnell, AR 72315 | Crain Bros Inc","Crain Bros Inc provides waterproofing services for properties in Gosnell, AR 72315.","WebPage plus Service candidate where useful; avoid duplicate/thin-page signals by confirming unique page strategy before implementation.","FAQ content usually optional for ads pages; only add FAQPage JSON-LD if matching visible FAQ content exists.","Decision required before implementation.","Ads page is service + ZIP/location targeted. Canonical choice requires deliberate approval."
"ads\gosnell-ar-72319-building-consultant-ad.html","ads-zip-landing","Building Consultant in Gosnell, AR | Crain Bros Inc","Building Consultant in Gosnell, AR 72319 | Crain Bros Inc","Building Consultant from Crain Bros Inc serving Gosnell, AR 72319.","Crain Bros Inc provides building consultant services for properties in Gosnell, AR 72319.","Building Consultant in Gosnell, AR","Building Consultant in Gosnell, AR","","https","services.crainbrosinc.com","/ads/gosnell-ar-72319-building-consultant-ad.html","Decision required: self-canonical if retained as unique indexable ZIP/service landing page; otherwise canonicalize according to approved ad-page strategy.","Building Consultant in Gosnell, AR 72319 | Crain Bros Inc","Crain Bros Inc provides building consultant services for properties in Gosnell, AR 72319.","Building Consultant in Gosnell, AR 72319 | Crain Bros Inc","Crain Bros Inc provides building consultant services for properties in Gosnell, AR 72319.","WebPage plus Service candidate where useful; avoid duplicate/thin-page signals by confirming unique page strategy before implementation.","FAQ content usually optional for ads pages; only add FAQPage JSON-LD if matching visible FAQ content exists.","Decision required before implementation.","Ads page is service + ZIP/location targeted. Canonical choice requires deliberate approval."
"ads\gosnell-ar-72319-building-inspector-ad.html","ads-zip-landing","Building Inspection Services in Gosnell, AR | Crain Bros Inc","Building Inspection Services in Gosnell, AR 72319 | Crain Bros Inc","Building Inspection Services from Crain Bros Inc serving Gosnell, AR 72319.","Crain Bros Inc provides building inspection services for properties in Gosnell, AR 72319.","Building Inspection Services in Gosnell, AR","Building Inspection Services in Gosnell, AR","","https","services.crainbrosinc.com","/ads/gosnell-ar-72319-building-inspector-ad.html","Decision required: self-canonical if retained as unique indexable ZIP/service landing page; otherwise canonicalize according to approved ad-page strategy.","Building Inspection Services in Gosnell, AR 72319 | Crain Bros Inc","Crain Bros Inc provides building inspection services for properties in Gosnell, AR 72319.","Building Inspection Services in Gosnell, AR 72319 | Crain Bros Inc","Crain Bros Inc provides building inspection services for properties in Gosnell, AR 72319.","WebPage plus Service candidate where useful; avoid duplicate/thin-page signals by confirming unique page strategy before implementation.","FAQ content usually optional for ads pages; only add FAQPage JSON-LD if matching visible FAQ content exists.","Decision required before implementation.","Ads page is service + ZIP/location targeted. Canonical choice requires deliberate approval."
"ads\gosnell-ar-72319-building-restoration-ad.html","ads-zip-landing","Building Restoration in Gosnell, AR | Crain Bros Inc","Building Restoration in Gosnell, AR 72319 | Crain Bros Inc","Building Restoration from Crain Bros Inc serving Gosnell, AR 72319.","Crain Bros Inc provides building restoration services for properties in Gosnell, AR 72319.","Building Restoration in Gosnell, AR","Building Restoration in Gosnell, AR","","https","services.crainbrosinc.com","/ads/gosnell-ar-72319-building-restoration-ad.html","Decision required: self-canonical if retained as unique indexable ZIP/service landing page; otherwise canonicalize according to approved ad-page strategy.","Building Restoration in Gosnell, AR 72319 | Crain Bros Inc","Crain Bros Inc provides building restoration services for properties in Gosnell, AR 72319.","Building Restoration in Gosnell, AR 72319 | Crain Bros Inc","Crain Bros Inc provides building restoration services for properties in Gosnell, AR 72319.","WebPage plus Service candidate where useful; avoid duplicate/thin-page signals by confirming unique page strategy before implementation.","FAQ content usually optional for ads pages; only add FAQPage JSON-LD if matching visible FAQ content exists.","Decision required before implementation.","Ads page is service + ZIP/location targeted. Canonical choice requires deliberate approval."
"ads\gosnell-ar-72319-construction-ad.html","ads-zip-landing","Construction in Gosnell, AR | Crain Bros Inc","Construction in Gosnell, AR 72319 | Crain Bros Inc","Construction from Crain Bros Inc serving Gosnell, AR 72319.","Crain Bros Inc provides construction services for properties in Gosnell, AR 72319.","Construction in Gosnell, AR","Construction in Gosnell, AR","","https","services.crainbrosinc.com","/ads/gosnell-ar-72319-construction-ad.html","Decision required: self-canonical if retained as unique indexable ZIP/service landing page; otherwise canonicalize according to approved ad-page strategy.","Construction in Gosnell, AR 72319 | Crain Bros Inc","Crain Bros Inc provides construction services for properties in Gosnell, AR 72319.","Construction in Gosnell, AR 72319 | Crain Bros Inc","Crain Bros Inc provides construction services for properties in Gosnell, AR 72319.","WebPage plus Service candidate where useful; avoid duplicate/thin-page signals by confirming unique page strategy before implementation.","FAQ content usually optional for ads pages; only add FAQPage JSON-LD if matching visible FAQ content exists.","Decision required before implementation.","Ads page is service + ZIP/location targeted. Canonical choice requires deliberate approval."
"ads\gosnell-ar-72319-fire-damage-ad.html","ads-zip-landing","Fire Damage Restoration in Gosnell, AR | Crain Bros Inc","Fire Damage Restoration in Gosnell, AR 72319 | Crain Bros Inc","Fire Damage Restoration from Crain Bros Inc serving Gosnell, AR 72319.","Crain Bros Inc provides fire damage restoration services for properties in Gosnell, AR 72319.","Fire Damage Restoration in Gosnell, AR","Fire Damage Restoration in Gosnell, AR","","https","services.crainbrosinc.com","/ads/gosnell-ar-72319-fire-damage-ad.html","Decision required: self-canonical if retained as unique indexable ZIP/service landing page; otherwise canonicalize according to approved ad-page strategy.","Fire Damage Restoration in Gosnell, AR 72319 | Crain Bros Inc","Crain Bros Inc provides fire damage restoration services for properties in Gosnell, AR 72319.","Fire Damage Restoration in Gosnell, AR 72319 | Crain Bros Inc","Crain Bros Inc provides fire damage restoration services for properties in Gosnell, AR 72319.","WebPage plus Service candidate where useful; avoid duplicate/thin-page signals by confirming unique page strategy before implementation.","FAQ content usually optional for ads pages; only add FAQPage JSON-LD if matching visible FAQ content exists.","Decision required before implementation.","Ads page is service + ZIP/location targeted. Canonical choice requires deliberate approval."
"ads\gosnell-ar-72319-plumbing-ad.html","ads-zip-landing","Plumbing in Gosnell, AR | Crain Bros Inc","Plumbing in Gosnell, AR 72319 | Crain Bros Inc","Plumbing from Crain Bros Inc serving Gosnell, AR 72319.","Crain Bros Inc provides plumbing services for properties in Gosnell, AR 72319.","Plumbing in Gosnell, AR","Plumbing in Gosnell, AR","","https","services.crainbrosinc.com","/ads/gosnell-ar-72319-plumbing-ad.html","Decision required: self-canonical if retained as unique indexable ZIP/service landing page; otherwise canonicalize according to approved ad-page strategy.","Plumbing in Gosnell, AR 72319 | Crain Bros Inc","Crain Bros Inc provides plumbing services for properties in Gosnell, AR 72319.","Plumbing in Gosnell, AR 72319 | Crain Bros Inc","Crain Bros Inc provides plumbing services for properties in Gosnell, AR 72319.","WebPage plus Service candidate where useful; avoid duplicate/thin-page signals by confirming unique page strategy before implementation.","FAQ content usually optional for ads pages; only add FAQPage JSON-LD if matching visible FAQ content exists.","Decision required before implementation.","Ads page is service + ZIP/location targeted. Canonical choice requires deliberate approval."
"ads\gosnell-ar-72319-remodeling-ad.html","ads-zip-landing","Remodeling in Gosnell, AR | Crain Bros Inc","Remodeling in Gosnell, AR 72319 | Crain Bros Inc","Remodeling from Crain Bros Inc serving Gosnell, AR 72319.","Crain Bros Inc provides remodeling services for properties in Gosnell, AR 72319.","Remodeling in Gosnell, AR","Remodeling in Gosnell, AR","","https","services.crainbrosinc.com","/ads/gosnell-ar-72319-remodeling-ad.html","Decision required: self-canonical if retained as unique indexable ZIP/service landing page; otherwise canonicalize according to approved ad-page strategy.","Remodeling in Gosnell, AR 72319 | Crain Bros Inc","Crain Bros Inc provides remodeling services for properties in Gosnell, AR 72319.","Remodeling in Gosnell, AR 72319 | Crain Bros Inc","Crain Bros Inc provides remodeling services for properties in Gosnell, AR 72319.","WebPage plus Service candidate where useful; avoid duplicate/thin-page signals by confirming unique page strategy before implementation.","FAQ content usually optional for ads pages; only add FAQPage JSON-LD if matching visible FAQ content exists.","Decision required before implementation.","Ads page is service + ZIP/location targeted. Canonical choice requires deliberate approval."
"ads\gosnell-ar-72319-water-damage-ad.html","ads-zip-landing","Water Damage Restoration in Gosnell, AR | Crain Bros Inc","Water Damage Restoration in Gosnell, AR 72319 | Crain Bros Inc","Water Damage Restoration from Crain Bros Inc serving Gosnell, AR 72319.","Crain Bros Inc provides water damage restoration services for properties in Gosnell, AR 72319.","Water Damage Restoration in Gosnell, AR","Water Damage Restoration in Gosnell, AR","","https","services.crainbrosinc.com","/ads/gosnell-ar-72319-water-damage-ad.html","Decision required: self-canonical if retained as unique indexable ZIP/service landing page; otherwise canonicalize according to approved ad-page strategy.","Water Damage Restoration in Gosnell, AR 72319 | Crain Bros Inc","Crain Bros Inc provides water damage restoration services for properties in Gosnell, AR 72319.","Water Damage Restoration in Gosnell, AR 72319 | Crain Bros Inc","Crain Bros Inc provides water damage restoration services for properties in Gosnell, AR 72319.","WebPage plus Service candidate where useful; avoid duplicate/thin-page signals by confirming unique page strategy before implementation.","FAQ content usually optional for ads pages; only add FAQPage JSON-LD if matching visible FAQ content exists.","Decision required before implementation.","Ads page is service + ZIP/location targeted. Canonical choice requires deliberate approval."
"ads\gosnell-ar-72319-waterproofing-ad.html","ads-zip-landing","Waterproofing in Gosnell, AR | Crain Bros Inc","Waterproofing in Gosnell, AR 72319 | Crain Bros Inc","Waterproofing from Crain Bros Inc serving Gosnell, AR 72319.","Crain Bros Inc provides waterproofing services for properties in Gosnell, AR 72319.","Waterproofing in Gosnell, AR","Waterproofing in Gosnell, AR","","https","services.crainbrosinc.com","/ads/gosnell-ar-72319-waterproofing-ad.html","Decision required: self-canonical if retained as unique indexable ZIP/service landing page; otherwise canonicalize according to approved ad-page strategy.","Waterproofing in Gosnell, AR 72319 | Crain Bros Inc","Crain Bros Inc provides waterproofing services for properties in Gosnell, AR 72319.","Waterproofing in Gosnell, AR 72319 | Crain Bros Inc","Crain Bros Inc provides waterproofing services for properties in Gosnell, AR 72319.","WebPage plus Service candidate where useful; avoid duplicate/thin-page signals by confirming unique page strategy before implementation.","FAQ content usually optional for ads pages; only add FAQPage JSON-LD if matching visible FAQ content exists.","Decision required before implementation.","Ads page is service + ZIP/location targeted. Canonical choice requires deliberate approval."
"ads\harrisburg-ar-72432-building-consultant-ad.html","ads-zip-landing","Building Consultant in Harrisburg, AR | Crain Bros Inc","Building Consultant in Harrisburg, AR 72432 | Crain Bros Inc","Building Consultant from Crain Bros Inc serving Harrisburg, AR 72432.","Crain Bros Inc provides building consultant services for properties in Harrisburg, AR 72432.","Building Consultant in Harrisburg, AR","Building Consultant in Harrisburg, AR","","https","services.crainbrosinc.com","/ads/harrisburg-ar-72432-building-consultant-ad.html","Decision required: self-canonical if retained as unique indexable ZIP/service landing page; otherwise canonicalize according to approved ad-page strategy.","Building Consultant in Harrisburg, AR 72432 | Crain Bros Inc","Crain Bros Inc provides building consultant services for properties in Harrisburg, AR 72432.","Building Consultant in Harrisburg, AR 72432 | Crain Bros Inc","Crain Bros Inc provides building consultant services for properties in Harrisburg, AR 72432.","WebPage plus Service candidate where useful; avoid duplicate/thin-page signals by confirming unique page strategy before implementation.","FAQ content usually optional for ads pages; only add FAQPage JSON-LD if matching visible FAQ content exists.","Decision required before implementation.","Ads page is service + ZIP/location targeted. Canonical choice requires deliberate approval."
"ads\harrisburg-ar-72432-building-inspector-ad.html","ads-zip-landing","Building Inspection Services in Harrisburg, AR | Crain Bros Inc","Building Inspection Services in Harrisburg, AR 72432 | Crain Bros Inc","Building Inspection Services from Crain Bros Inc serving Harrisburg, AR 72432.","Crain Bros Inc provides building inspection services for properties in Harrisburg, AR 72432.","Building Inspection Services in Harrisburg, AR","Building Inspection Services in Harrisburg, AR","","https","services.crainbrosinc.com","/ads/harrisburg-ar-72432-building-inspector-ad.html","Decision required: self-canonical if retained as unique indexable ZIP/service landing page; otherwise canonicalize according to approved ad-page strategy.","Building Inspection Services in Harrisburg, AR 72432 | Crain Bros Inc","Crain Bros Inc provides building inspection services for properties in Harrisburg, AR 72432.","Building Inspection Services in Harrisburg, AR 72432 | Crain Bros Inc","Crain Bros Inc provides building inspection services for properties in Harrisburg, AR 72432.","WebPage plus Service candidate where useful; avoid duplicate/thin-page signals by confirming unique page strategy before implementation.","FAQ content usually optional for ads pages; only add FAQPage JSON-LD if matching visible FAQ content exists.","Decision required before implementation.","Ads page is service + ZIP/location targeted. Canonical choice requires deliberate approval."
"ads\harrisburg-ar-72432-building-restoration-ad.html","ads-zip-landing","Building Restoration in Harrisburg, AR | Crain Bros Inc","Building Restoration in Harrisburg, AR 72432 | Crain Bros Inc","Building Restoration from Crain Bros Inc serving Harrisburg, AR 72432.","Crain Bros Inc provides building restoration services for properties in Harrisburg, AR 72432.","Building Restoration in Harrisburg, AR","Building Restoration in Harrisburg, AR","","https","services.crainbrosinc.com","/ads/harrisburg-ar-72432-building-restoration-ad.html","Decision required: self-canonical if retained as unique indexable ZIP/service landing page; otherwise canonicalize according to approved ad-page strategy.","Building Restoration in Harrisburg, AR 72432 | Crain Bros Inc","Crain Bros Inc provides building restoration services for properties in Harrisburg, AR 72432.","Building Restoration in Harrisburg, AR 72432 | Crain Bros Inc","Crain Bros Inc provides building restoration services for properties in Harrisburg, AR 72432.","WebPage plus Service candidate where useful; avoid duplicate/thin-page signals by confirming unique page strategy before implementation.","FAQ content usually optional for ads pages; only add FAQPage JSON-LD if matching visible FAQ content exists.","Decision required before implementation.","Ads page is service + ZIP/location targeted. Canonical choice requires deliberate approval."
"ads\harrisburg-ar-72432-construction-ad.html","ads-zip-landing","Construction in Harrisburg, AR | Crain Bros Inc","Construction in Harrisburg, AR 72432 | Crain Bros Inc","Construction from Crain Bros Inc serving Harrisburg, AR 72432.","Crain Bros Inc provides construction services for properties in Harrisburg, AR 72432.","Construction in Harrisburg, AR","Construction in Harrisburg, AR","","https","services.crainbrosinc.com","/ads/harrisburg-ar-72432-construction-ad.html","Decision required: self-canonical if retained as unique indexable ZIP/service landing page; otherwise canonicalize according to approved ad-page strategy.","Construction in Harrisburg, AR 72432 | Crain Bros Inc","Crain Bros Inc provides construction services for properties in Harrisburg, AR 72432.","Construction in Harrisburg, AR 72432 | Crain Bros Inc","Crain Bros Inc provides construction services for properties in Harrisburg, AR 72432.","WebPage plus Service candidate where useful; avoid duplicate/thin-page signals by confirming unique page strategy before implementation.","FAQ content usually optional for ads pages; only add FAQPage JSON-LD if matching visible FAQ content exists.","Decision required before implementation.","Ads page is service + ZIP/location targeted. Canonical choice requires deliberate approval."
"ads\harrisburg-ar-72432-fire-damage-ad.html","ads-zip-landing","Fire Damage Restoration in Harrisburg, AR | Crain Bros Inc","Fire Damage Restoration in Harrisburg, AR 72432 | Crain Bros Inc","Fire Damage Restoration from Crain Bros Inc serving Harrisburg, AR 72432.","Crain Bros Inc provides fire damage restoration services for properties in Harrisburg, AR 72432.","Fire Damage Restoration in Harrisburg, AR","Fire Damage Restoration in Harrisburg, AR","","https","services.crainbrosinc.com","/ads/harrisburg-ar-72432-fire-damage-ad.html","Decision required: self-canonical if retained as unique indexable ZIP/service landing page; otherwise canonicalize according to approved ad-page strategy.","Fire Damage Restoration in Harrisburg, AR 72432 | Crain Bros Inc","Crain Bros Inc provides fire damage restoration services for properties in Harrisburg, AR 72432.","Fire Damage Restoration in Harrisburg, AR 72432 | Crain Bros Inc","Crain Bros Inc provides fire damage restoration services for properties in Harrisburg, AR 72432.","WebPage plus Service candidate where useful; avoid duplicate/thin-page signals by confirming unique page strategy before implementation.","FAQ content usually optional for ads pages; only add FAQPage JSON-LD if matching visible FAQ content exists.","Decision required before implementation.","Ads page is service + ZIP/location targeted. Canonical choice requires deliberate approval."
"ads\harrisburg-ar-72432-plumbing-ad.html","ads-zip-landing","Plumbing in Harrisburg, AR | Crain Bros Inc","Plumbing in Harrisburg, AR 72432 | Crain Bros Inc","Plumbing from Crain Bros Inc serving Harrisburg, AR 72432.","Crain Bros Inc provides plumbing services for properties in Harrisburg, AR 72432.","Plumbing in Harrisburg, AR","Plumbing in Harrisburg, AR","","https","services.crainbrosinc.com","/ads/harrisburg-ar-72432-plumbing-ad.html","Decision required: self-canonical if retained as unique indexable ZIP/service landing page; otherwise canonicalize according to approved ad-page strategy.","Plumbing in Harrisburg, AR 72432 | Crain Bros Inc","Crain Bros Inc provides plumbing services for properties in Harrisburg, AR 72432.","Plumbing in Harrisburg, AR 72432 | Crain Bros Inc","Crain Bros Inc provides plumbing services for properties in Harrisburg, AR 72432.","WebPage plus Service candidate where useful; avoid duplicate/thin-page signals by confirming unique page strategy before implementation.","FAQ content usually optional for ads pages; only add FAQPage JSON-LD if matching visible FAQ content exists.","Decision required before implementation.","Ads page is service + ZIP/location targeted. Canonical choice requires deliberate approval."
"ads\harrisburg-ar-72432-remodeling-ad.html","ads-zip-landing","Remodeling in Harrisburg, AR | Crain Bros Inc","Remodeling in Harrisburg, AR 72432 | Crain Bros Inc","Remodeling from Crain Bros Inc serving Harrisburg, AR 72432.","Crain Bros Inc provides remodeling services for properties in Harrisburg, AR 72432.","Remodeling in Harrisburg, AR","Remodeling in Harrisburg, AR","","https","services.crainbrosinc.com","/ads/harrisburg-ar-72432-remodeling-ad.html","Decision required: self-canonical if retained as unique indexable ZIP/service landing page; otherwise canonicalize according to approved ad-page strategy.","Remodeling in Harrisburg, AR 72432 | Crain Bros Inc","Crain Bros Inc provides remodeling services for properties in Harrisburg, AR 72432.","Remodeling in Harrisburg, AR 72432 | Crain Bros Inc","Crain Bros Inc provides remodeling services for properties in Harrisburg, AR 72432.","WebPage plus Service candidate where useful; avoid duplicate/thin-page signals by confirming unique page strategy before implementation.","FAQ content usually optional for ads pages; only add FAQPage JSON-LD if matching visible FAQ content exists.","Decision required before implementation.","Ads page is service + ZIP/location targeted. Canonical choice requires deliberate approval."
"ads\harrisburg-ar-72432-water-damage-ad.html","ads-zip-landing","Water Damage Restoration in Harrisburg, AR | Crain Bros Inc","Water Damage Restoration in Harrisburg, AR 72432 | Crain Bros Inc","Water Damage Restoration from Crain Bros Inc serving Harrisburg, AR 72432.","Crain Bros Inc provides water damage restoration services for properties in Harrisburg, AR 72432.","Water Damage Restoration in Harrisburg, AR","Water Damage Restoration in Harrisburg, AR","","https","services.crainbrosinc.com","/ads/harrisburg-ar-72432-water-damage-ad.html","Decision required: self-canonical if retained as unique indexable ZIP/service landing page; otherwise canonicalize according to approved ad-page strategy.","Water Damage Restoration in Harrisburg, AR 72432 | Crain Bros Inc","Crain Bros Inc provides water damage restoration services for properties in Harrisburg, AR 72432.","Water Damage Restoration in Harrisburg, AR 72432 | Crain Bros Inc","Crain Bros Inc provides water damage restoration services for properties in Harrisburg, AR 72432.","WebPage plus Service candidate where useful; avoid duplicate/thin-page signals by confirming unique page strategy before implementation.","FAQ content usually optional for ads pages; only add FAQPage JSON-LD if matching visible FAQ content exists.","Decision required before implementation.","Ads page is service + ZIP/location targeted. Canonical choice requires deliberate approval."
"ads\harrisburg-ar-72432-waterproofing-ad.html","ads-zip-landing","Waterproofing in Harrisburg, AR | Crain Bros Inc","Waterproofing in Harrisburg, AR 72432 | Crain Bros Inc","Waterproofing from Crain Bros Inc serving Harrisburg, AR 72432.","Crain Bros Inc provides waterproofing services for properties in Harrisburg, AR 72432.","Waterproofing in Harrisburg, AR","Waterproofing in Harrisburg, AR","","https","services.crainbrosinc.com","/ads/harrisburg-ar-72432-waterproofing-ad.html","Decision required: self-canonical if retained as unique indexable ZIP/service landing page; otherwise canonicalize according to approved ad-page strategy.","Waterproofing in Harrisburg, AR 72432 | Crain Bros Inc","Crain Bros Inc provides waterproofing services for properties in Harrisburg, AR 72432.","Waterproofing in Harrisburg, AR 72432 | Crain Bros Inc","Crain Bros Inc provides waterproofing services for properties in Harrisburg, AR 72432.","WebPage plus Service candidate where useful; avoid duplicate/thin-page signals by confirming unique page strategy before implementation.","FAQ content usually optional for ads pages; only add FAQPage JSON-LD if matching visible FAQ content exists.","Decision required before implementation.","Ads page is service + ZIP/location targeted. Canonical choice requires deliberate approval."
"ads\jonesboro-ar-72401-building-consultant-ad.html","ads-zip-landing","Building Consultant in Jonesboro, AR | Crain Bros Inc","Building Consultant in Jonesboro, AR 72401 | Crain Bros Inc","Building Consultant from Crain Bros Inc serving Jonesboro, AR 72401.","Crain Bros Inc provides building consultant services for properties in Jonesboro, AR 72401.","Building Consultant in Jonesboro, AR","Building Consultant in Jonesboro, AR","","https","services.crainbrosinc.com","/ads/jonesboro-ar-72401-building-consultant-ad.html","Decision required: self-canonical if retained as unique indexable ZIP/service landing page; otherwise canonicalize according to approved ad-page strategy.","Building Consultant in Jonesboro, AR 72401 | Crain Bros Inc","Crain Bros Inc provides building consultant services for properties in Jonesboro, AR 72401.","Building Consultant in Jonesboro, AR 72401 | Crain Bros Inc","Crain Bros Inc provides building consultant services for properties in Jonesboro, AR 72401.","WebPage plus Service candidate where useful; avoid duplicate/thin-page signals by confirming unique page strategy before implementation.","FAQ content usually optional for ads pages; only add FAQPage JSON-LD if matching visible FAQ content exists.","Decision required before implementation.","Ads page is service + ZIP/location targeted. Canonical choice requires deliberate approval."
"ads\jonesboro-ar-72401-building-inspector-ad.html","ads-zip-landing","Building Inspection Services in Jonesboro, AR | Crain Bros Inc","Building Inspection Services in Jonesboro, AR 72401 | Crain Bros Inc","Building Inspection Services from Crain Bros Inc serving Jonesboro, AR 72401.","Crain Bros Inc provides building inspection services for properties in Jonesboro, AR 72401.","Building Inspection Services in Jonesboro, AR","Building Inspection Services in Jonesboro, AR","","https","services.crainbrosinc.com","/ads/jonesboro-ar-72401-building-inspector-ad.html","Decision required: self-canonical if retained as unique indexable ZIP/service landing page; otherwise canonicalize according to approved ad-page strategy.","Building Inspection Services in Jonesboro, AR 72401 | Crain Bros Inc","Crain Bros Inc provides building inspection services for properties in Jonesboro, AR 72401.","Building Inspection Services in Jonesboro, AR 72401 | Crain Bros Inc","Crain Bros Inc provides building inspection services for properties in Jonesboro, AR 72401.","WebPage plus Service candidate where useful; avoid duplicate/thin-page signals by confirming unique page strategy before implementation.","FAQ content usually optional for ads pages; only add FAQPage JSON-LD if matching visible FAQ content exists.","Decision required before implementation.","Ads page is service + ZIP/location targeted. Canonical choice requires deliberate approval."
"ads\jonesboro-ar-72401-building-restoration-ad.html","ads-zip-landing","Building Restoration in Jonesboro, AR | Crain Bros Inc","Building Restoration in Jonesboro, AR 72401 | Crain Bros Inc","Building Restoration from Crain Bros Inc serving Jonesboro, AR 72401.","Crain Bros Inc provides building restoration services for properties in Jonesboro, AR 72401.","Building Restoration in Jonesboro, AR","Building Restoration in Jonesboro, AR","","https","services.crainbrosinc.com","/ads/jonesboro-ar-72401-building-restoration-ad.html","Decision required: self-canonical if retained as unique indexable ZIP/service landing page; otherwise canonicalize according to approved ad-page strategy.","Building Restoration in Jonesboro, AR 72401 | Crain Bros Inc","Crain Bros Inc provides building restoration services for properties in Jonesboro, AR 72401.","Building Restoration in Jonesboro, AR 72401 | Crain Bros Inc","Crain Bros Inc provides building restoration services for properties in Jonesboro, AR 72401.","WebPage plus Service candidate where useful; avoid duplicate/thin-page signals by confirming unique page strategy before implementation.","FAQ content usually optional for ads pages; only add FAQPage JSON-LD if matching visible FAQ content exists.","Decision required before implementation.","Ads page is service + ZIP/location targeted. Canonical choice requires deliberate approval."
"ads\jonesboro-ar-72401-construction-ad.html","ads-zip-landing","Construction in Jonesboro, AR | Crain Bros Inc","Construction in Jonesboro, AR 72401 | Crain Bros Inc","Construction from Crain Bros Inc serving Jonesboro, AR 72401.","Crain Bros Inc provides construction services for properties in Jonesboro, AR 72401.","Construction in Jonesboro, AR","Construction in Jonesboro, AR","","https","services.crainbrosinc.com","/ads/jonesboro-ar-72401-construction-ad.html","Decision required: self-canonical if retained as unique indexable ZIP/service landing page; otherwise canonicalize according to approved ad-page strategy.","Construction in Jonesboro, AR 72401 | Crain Bros Inc","Crain Bros Inc provides construction services for properties in Jonesboro, AR 72401.","Construction in Jonesboro, AR 72401 | Crain Bros Inc","Crain Bros Inc provides construction services for properties in Jonesboro, AR 72401.","WebPage plus Service candidate where useful; avoid duplicate/thin-page signals by confirming unique page strategy before implementation.","FAQ content usually optional for ads pages; only add FAQPage JSON-LD if matching visible FAQ content exists.","Decision required before implementation.","Ads page is service + ZIP/location targeted. Canonical choice requires deliberate approval."
"ads\jonesboro-ar-72401-fire-damage-ad.html","ads-zip-landing","Fire Damage Restoration in Jonesboro, AR | Crain Bros Inc","Fire Damage Restoration in Jonesboro, AR 72401 | Crain Bros Inc","Fire Damage Restoration from Crain Bros Inc serving Jonesboro, AR 72401.","Crain Bros Inc provides fire damage restoration services for properties in Jonesboro, AR 72401.","Fire Damage Restoration in Jonesboro, AR","Fire Damage Restoration in Jonesboro, AR","","https","services.crainbrosinc.com","/ads/jonesboro-ar-72401-fire-damage-ad.html","Decision required: self-canonical if retained as unique indexable ZIP/service landing page; otherwise canonicalize according to approved ad-page strategy.","Fire Damage Restoration in Jonesboro, AR 72401 | Crain Bros Inc","Crain Bros Inc provides fire damage restoration services for properties in Jonesboro, AR 72401.","Fire Damage Restoration in Jonesboro, AR 72401 | Crain Bros Inc","Crain Bros Inc provides fire damage restoration services for properties in Jonesboro, AR 72401.","WebPage plus Service candidate where useful; avoid duplicate/thin-page signals by confirming unique page strategy before implementation.","FAQ content usually optional for ads pages; only add FAQPage JSON-LD if matching visible FAQ content exists.","Decision required before implementation.","Ads page is service + ZIP/location targeted. Canonical choice requires deliberate approval."
"ads\jonesboro-ar-72401-plumbing-ad.html","ads-zip-landing","Plumbing in Jonesboro, AR | Crain Bros Inc","Plumbing in Jonesboro, AR 72401 | Crain Bros Inc","Plumbing from Crain Bros Inc serving Jonesboro, AR 72401.","Crain Bros Inc provides plumbing services for properties in Jonesboro, AR 72401.","Plumbing in Jonesboro, AR","Plumbing in Jonesboro, AR","","https","services.crainbrosinc.com","/ads/jonesboro-ar-72401-plumbing-ad.html","Decision required: self-canonical if retained as unique indexable ZIP/service landing page; otherwise canonicalize according to approved ad-page strategy.","Plumbing in Jonesboro, AR 72401 | Crain Bros Inc","Crain Bros Inc provides plumbing services for properties in Jonesboro, AR 72401.","Plumbing in Jonesboro, AR 72401 | Crain Bros Inc","Crain Bros Inc provides plumbing services for properties in Jonesboro, AR 72401.","WebPage plus Service candidate where useful; avoid duplicate/thin-page signals by confirming unique page strategy before implementation.","FAQ content usually optional for ads pages; only add FAQPage JSON-LD if matching visible FAQ content exists.","Decision required before implementation.","Ads page is service + ZIP/location targeted. Canonical choice requires deliberate approval."
"ads\jonesboro-ar-72401-remodeling-ad.html","ads-zip-landing","Remodeling in Jonesboro, AR | Crain Bros Inc","Remodeling in Jonesboro, AR 72401 | Crain Bros Inc","Remodeling from Crain Bros Inc serving Jonesboro, AR 72401.","Crain Bros Inc provides remodeling services for properties in Jonesboro, AR 72401.","Remodeling in Jonesboro, AR","Remodeling in Jonesboro, AR","","https","services.crainbrosinc.com","/ads/jonesboro-ar-72401-remodeling-ad.html","Decision required: self-canonical if retained as unique indexable ZIP/service landing page; otherwise canonicalize according to approved ad-page strategy.","Remodeling in Jonesboro, AR 72401 | Crain Bros Inc","Crain Bros Inc provides remodeling services for properties in Jonesboro, AR 72401.","Remodeling in Jonesboro, AR 72401 | Crain Bros Inc","Crain Bros Inc provides remodeling services for properties in Jonesboro, AR 72401.","WebPage plus Service candidate where useful; avoid duplicate/thin-page signals by confirming unique page strategy before implementation.","FAQ content usually optional for ads pages; only add FAQPage JSON-LD if matching visible FAQ content exists.","Decision required before implementation.","Ads page is service + ZIP/location targeted. Canonical choice requires deliberate approval."
"ads\jonesboro-ar-72401-water-damage-ad.html","ads-zip-landing","Water Damage Restoration in Jonesboro, AR | Crain Bros Inc","Water Damage Restoration in Jonesboro, AR 72401 | Crain Bros Inc","Water Damage Restoration from Crain Bros Inc serving Jonesboro, AR 72401.","Crain Bros Inc provides water damage restoration services for properties in Jonesboro, AR 72401.","Water Damage Restoration in Jonesboro, AR","Water Damage Restoration in Jonesboro, AR","","https","services.crainbrosinc.com","/ads/jonesboro-ar-72401-water-damage-ad.html","Decision required: self-canonical if retained as unique indexable ZIP/service landing page; otherwise canonicalize according to approved ad-page strategy.","Water Damage Restoration in Jonesboro, AR 72401 | Crain Bros Inc","Crain Bros Inc provides water damage restoration services for properties in Jonesboro, AR 72401.","Water Damage Restoration in Jonesboro, AR 72401 | Crain Bros Inc","Crain Bros Inc provides water damage restoration services for properties in Jonesboro, AR 72401.","WebPage plus Service candidate where useful; avoid duplicate/thin-page signals by confirming unique page strategy before implementation.","FAQ content usually optional for ads pages; only add FAQPage JSON-LD if matching visible FAQ content exists.","Decision required before implementation.","Ads page is service + ZIP/location targeted. Canonical choice requires deliberate approval."
"ads\jonesboro-ar-72401-waterproofing-ad.html","ads-zip-landing","Waterproofing in Jonesboro, AR | Crain Bros Inc","Waterproofing in Jonesboro, AR 72401 | Crain Bros Inc","Waterproofing from Crain Bros Inc serving Jonesboro, AR 72401.","Crain Bros Inc provides waterproofing services for properties in Jonesboro, AR 72401.","Waterproofing in Jonesboro, AR","Waterproofing in Jonesboro, AR","","https","services.crainbrosinc.com","/ads/jonesboro-ar-72401-waterproofing-ad.html","Decision required: self-canonical if retained as unique indexable ZIP/service landing page; otherwise canonicalize according to approved ad-page strategy.","Waterproofing in Jonesboro, AR 72401 | Crain Bros Inc","Crain Bros Inc provides waterproofing services for properties in Jonesboro, AR 72401.","Waterproofing in Jonesboro, AR 72401 | Crain Bros Inc","Crain Bros Inc provides waterproofing services for properties in Jonesboro, AR 72401.","WebPage plus Service candidate where useful; avoid duplicate/thin-page signals by confirming unique page strategy before implementation.","FAQ content usually optional for ads pages; only add FAQPage JSON-LD if matching visible FAQ content exists.","Decision required before implementation.","Ads page is service + ZIP/location targeted. Canonical choice requires deliberate approval."
"ads\jonesboro-ar-72402-building-consultant-ad.html","ads-zip-landing","Building Consultant in Jonesboro, AR | Crain Bros Inc","Building Consultant in Jonesboro, AR 72402 | Crain Bros Inc","Building Consultant from Crain Bros Inc serving Jonesboro, AR 72402.","Crain Bros Inc provides building consultant services for properties in Jonesboro, AR 72402.","Building Consultant in Jonesboro, AR","Building Consultant in Jonesboro, AR","","https","services.crainbrosinc.com","/ads/jonesboro-ar-72402-building-consultant-ad.html","Decision required: self-canonical if retained as unique indexable ZIP/service landing page; otherwise canonicalize according to approved ad-page strategy.","Building Consultant in Jonesboro, AR 72402 | Crain Bros Inc","Crain Bros Inc provides building consultant services for properties in Jonesboro, AR 72402.","Building Consultant in Jonesboro, AR 72402 | Crain Bros Inc","Crain Bros Inc provides building consultant services for properties in Jonesboro, AR 72402.","WebPage plus Service candidate where useful; avoid duplicate/thin-page signals by confirming unique page strategy before implementation.","FAQ content usually optional for ads pages; only add FAQPage JSON-LD if matching visible FAQ content exists.","Decision required before implementation.","Ads page is service + ZIP/location targeted. Canonical choice requires deliberate approval."
"ads\jonesboro-ar-72402-building-inspector-ad.html","ads-zip-landing","Building Inspection Services in Jonesboro, AR | Crain Bros Inc","Building Inspection Services in Jonesboro, AR 72402 | Crain Bros Inc","Building Inspection Services from Crain Bros Inc serving Jonesboro, AR 72402.","Crain Bros Inc provides building inspection services for properties in Jonesboro, AR 72402.","Building Inspection Services in Jonesboro, AR","Building Inspection Services in Jonesboro, AR","","https","services.crainbrosinc.com","/ads/jonesboro-ar-72402-building-inspector-ad.html","Decision required: self-canonical if retained as unique indexable ZIP/service landing page; otherwise canonicalize according to approved ad-page strategy.","Building Inspection Services in Jonesboro, AR 72402 | Crain Bros Inc","Crain Bros Inc provides building inspection services for properties in Jonesboro, AR 72402.","Building Inspection Services in Jonesboro, AR 72402 | Crain Bros Inc","Crain Bros Inc provides building inspection services for properties in Jonesboro, AR 72402.","WebPage plus Service candidate where useful; avoid duplicate/thin-page signals by confirming unique page strategy before implementation.","FAQ content usually optional for ads pages; only add FAQPage JSON-LD if matching visible FAQ content exists.","Decision required before implementation.","Ads page is service + ZIP/location targeted. Canonical choice requires deliberate approval."
"ads\jonesboro-ar-72402-building-restoration-ad.html","ads-zip-landing","Building Restoration in Jonesboro, AR | Crain Bros Inc","Building Restoration in Jonesboro, AR 72402 | Crain Bros Inc","Building Restoration from Crain Bros Inc serving Jonesboro, AR 72402.","Crain Bros Inc provides building restoration services for properties in Jonesboro, AR 72402.","Building Restoration in Jonesboro, AR","Building Restoration in Jonesboro, AR","","https","services.crainbrosinc.com","/ads/jonesboro-ar-72402-building-restoration-ad.html","Decision required: self-canonical if retained as unique indexable ZIP/service landing page; otherwise canonicalize according to approved ad-page strategy.","Building Restoration in Jonesboro, AR 72402 | Crain Bros Inc","Crain Bros Inc provides building restoration services for properties in Jonesboro, AR 72402.","Building Restoration in Jonesboro, AR 72402 | Crain Bros Inc","Crain Bros Inc provides building restoration services for properties in Jonesboro, AR 72402.","WebPage plus Service candidate where useful; avoid duplicate/thin-page signals by confirming unique page strategy before implementation.","FAQ content usually optional for ads pages; only add FAQPage JSON-LD if matching visible FAQ content exists.","Decision required before implementation.","Ads page is service + ZIP/location targeted. Canonical choice requires deliberate approval."
"ads\jonesboro-ar-72402-construction-ad.html","ads-zip-landing","Construction in Jonesboro, AR | Crain Bros Inc","Construction in Jonesboro, AR 72402 | Crain Bros Inc","Construction from Crain Bros Inc serving Jonesboro, AR 72402.","Crain Bros Inc provides construction services for properties in Jonesboro, AR 72402.","Construction in Jonesboro, AR","Construction in Jonesboro, AR","","https","services.crainbrosinc.com","/ads/jonesboro-ar-72402-construction-ad.html","Decision required: self-canonical if retained as unique indexable ZIP/service landing page; otherwise canonicalize according to approved ad-page strategy.","Construction in Jonesboro, AR 72402 | Crain Bros Inc","Crain Bros Inc provides construction services for properties in Jonesboro, AR 72402.","Construction in Jonesboro, AR 72402 | Crain Bros Inc","Crain Bros Inc provides construction services for properties in Jonesboro, AR 72402.","WebPage plus Service candidate where useful; avoid duplicate/thin-page signals by confirming unique page strategy before implementation.","FAQ content usually optional for ads pages; only add FAQPage JSON-LD if matching visible FAQ content exists.","Decision required before implementation.","Ads page is service + ZIP/location targeted. Canonical choice requires deliberate approval."
"ads\jonesboro-ar-72402-fire-damage-ad.html","ads-zip-landing","Fire Damage Restoration in Jonesboro, AR | Crain Bros Inc","Fire Damage Restoration in Jonesboro, AR 72402 | Crain Bros Inc","Fire Damage Restoration from Crain Bros Inc serving Jonesboro, AR 72402.","Crain Bros Inc provides fire damage restoration services for properties in Jonesboro, AR 72402.","Fire Damage Restoration in Jonesboro, AR","Fire Damage Restoration in Jonesboro, AR","","https","services.crainbrosinc.com","/ads/jonesboro-ar-72402-fire-damage-ad.html","Decision required: self-canonical if retained as unique indexable ZIP/service landing page; otherwise canonicalize according to approved ad-page strategy.","Fire Damage Restoration in Jonesboro, AR 72402 | Crain Bros Inc","Crain Bros Inc provides fire damage restoration services for properties in Jonesboro, AR 72402.","Fire Damage Restoration in Jonesboro, AR 72402 | Crain Bros Inc","Crain Bros Inc provides fire damage restoration services for properties in Jonesboro, AR 72402.","WebPage plus Service candidate where useful; avoid duplicate/thin-page signals by confirming unique page strategy before implementation.","FAQ content usually optional for ads pages; only add FAQPage JSON-LD if matching visible FAQ content exists.","Decision required before implementation.","Ads page is service + ZIP/location targeted. Canonical choice requires deliberate approval."
"ads\jonesboro-ar-72402-plumbing-ad.html","ads-zip-landing","Plumbing in Jonesboro, AR | Crain Bros Inc","Plumbing in Jonesboro, AR 72402 | Crain Bros Inc","Plumbing from Crain Bros Inc serving Jonesboro, AR 72402.","Crain Bros Inc provides plumbing services for properties in Jonesboro, AR 72402.","Plumbing in Jonesboro, AR","Plumbing in Jonesboro, AR","","https","services.crainbrosinc.com","/ads/jonesboro-ar-72402-plumbing-ad.html","Decision required: self-canonical if retained as unique indexable ZIP/service landing page; otherwise canonicalize according to approved ad-page strategy.","Plumbing in Jonesboro, AR 72402 | Crain Bros Inc","Crain Bros Inc provides plumbing services for properties in Jonesboro, AR 72402.","Plumbing in Jonesboro, AR 72402 | Crain Bros Inc","Crain Bros Inc provides plumbing services for properties in Jonesboro, AR 72402.","WebPage plus Service candidate where useful; avoid duplicate/thin-page signals by confirming unique page strategy before implementation.","FAQ content usually optional for ads pages; only add FAQPage JSON-LD if matching visible FAQ content exists.","Decision required before implementation.","Ads page is service + ZIP/location targeted. Canonical choice requires deliberate approval."
"ads\jonesboro-ar-72402-remodeling-ad.html","ads-zip-landing","Remodeling in Jonesboro, AR | Crain Bros Inc","Remodeling in Jonesboro, AR 72402 | Crain Bros Inc","Remodeling from Crain Bros Inc serving Jonesboro, AR 72402.","Crain Bros Inc provides remodeling services for properties in Jonesboro, AR 72402.","Remodeling in Jonesboro, AR","Remodeling in Jonesboro, AR","","https","services.crainbrosinc.com","/ads/jonesboro-ar-72402-remodeling-ad.html","Decision required: self-canonical if retained as unique indexable ZIP/service landing page; otherwise canonicalize according to approved ad-page strategy.","Remodeling in Jonesboro, AR 72402 | Crain Bros Inc","Crain Bros Inc provides remodeling services for properties in Jonesboro, AR 72402.","Remodeling in Jonesboro, AR 72402 | Crain Bros Inc","Crain Bros Inc provides remodeling services for properties in Jonesboro, AR 72402.","WebPage plus Service candidate where useful; avoid duplicate/thin-page signals by confirming unique page strategy before implementation.","FAQ content usually optional for ads pages; only add FAQPage JSON-LD if matching visible FAQ content exists.","Decision required before implementation.","Ads page is service + ZIP/location targeted. Canonical choice requires deliberate approval."
"ads\jonesboro-ar-72402-water-damage-ad.html","ads-zip-landing","Water Damage Restoration in Jonesboro, AR | Crain Bros Inc","Water Damage Restoration in Jonesboro, AR 72402 | Crain Bros Inc","Water Damage Restoration from Crain Bros Inc serving Jonesboro, AR 72402.","Crain Bros Inc provides water damage restoration services for properties in Jonesboro, AR 72402.","Water Damage Restoration in Jonesboro, AR","Water Damage Restoration in Jonesboro, AR","","https","services.crainbrosinc.com","/ads/jonesboro-ar-72402-water-damage-ad.html","Decision required: self-canonical if retained as unique indexable ZIP/service landing page; otherwise canonicalize according to approved ad-page strategy.","Water Damage Restoration in Jonesboro, AR 72402 | Crain Bros Inc","Crain Bros Inc provides water damage restoration services for properties in Jonesboro, AR 72402.","Water Damage Restoration in Jonesboro, AR 72402 | Crain Bros Inc","Crain Bros Inc provides water damage restoration services for properties in Jonesboro, AR 72402.","WebPage plus Service candidate where useful; avoid duplicate/thin-page signals by confirming unique page strategy before implementation.","FAQ content usually optional for ads pages; only add FAQPage JSON-LD if matching visible FAQ content exists.","Decision required before implementation.","Ads page is service + ZIP/location targeted. Canonical choice requires deliberate approval."
"ads\jonesboro-ar-72402-waterproofing-ad.html","ads-zip-landing","Waterproofing in Jonesboro, AR | Crain Bros Inc","Waterproofing in Jonesboro, AR 72402 | Crain Bros Inc","Waterproofing from Crain Bros Inc serving Jonesboro, AR 72402.","Crain Bros Inc provides waterproofing services for properties in Jonesboro, AR 72402.","Waterproofing in Jonesboro, AR","Waterproofing in Jonesboro, AR","","https","services.crainbrosinc.com","/ads/jonesboro-ar-72402-waterproofing-ad.html","Decision required: self-canonical if retained as unique indexable ZIP/service landing page; otherwise canonicalize according to approved ad-page strategy.","Waterproofing in Jonesboro, AR 72402 | Crain Bros Inc","Crain Bros Inc provides waterproofing services for properties in Jonesboro, AR 72402.","Waterproofing in Jonesboro, AR 72402 | Crain Bros Inc","Crain Bros Inc provides waterproofing services for properties in Jonesboro, AR 72402.","WebPage plus Service candidate where useful; avoid duplicate/thin-page signals by confirming unique page strategy before implementation.","FAQ content usually optional for ads pages; only add FAQPage JSON-LD if matching visible FAQ content exists.","Decision required before implementation.","Ads page is service + ZIP/location targeted. Canonical choice requires deliberate approval."
"ads\jonesboro-ar-72403-building-consultant-ad.html","ads-zip-landing","Building Consultant in Jonesboro, AR | Crain Bros Inc","Building Consultant in Jonesboro, AR 72403 | Crain Bros Inc","Building Consultant from Crain Bros Inc serving Jonesboro, AR 72403.","Crain Bros Inc provides building consultant services for properties in Jonesboro, AR 72403.","Building Consultant in Jonesboro, AR","Building Consultant in Jonesboro, AR","","https","services.crainbrosinc.com","/ads/jonesboro-ar-72403-building-consultant-ad.html","Decision required: self-canonical if retained as unique indexable ZIP/service landing page; otherwise canonicalize according to approved ad-page strategy.","Building Consultant in Jonesboro, AR 72403 | Crain Bros Inc","Crain Bros Inc provides building consultant services for properties in Jonesboro, AR 72403.","Building Consultant in Jonesboro, AR 72403 | Crain Bros Inc","Crain Bros Inc provides building consultant services for properties in Jonesboro, AR 72403.","WebPage plus Service candidate where useful; avoid duplicate/thin-page signals by confirming unique page strategy before implementation.","FAQ content usually optional for ads pages; only add FAQPage JSON-LD if matching visible FAQ content exists.","Decision required before implementation.","Ads page is service + ZIP/location targeted. Canonical choice requires deliberate approval."
"ads\jonesboro-ar-72403-building-inspector-ad.html","ads-zip-landing","Building Inspection Services in Jonesboro, AR | Crain Bros Inc","Building Inspection Services in Jonesboro, AR 72403 | Crain Bros Inc","Building Inspection Services from Crain Bros Inc serving Jonesboro, AR 72403.","Crain Bros Inc provides building inspection services for properties in Jonesboro, AR 72403.","Building Inspection Services in Jonesboro, AR","Building Inspection Services in Jonesboro, AR","","https","services.crainbrosinc.com","/ads/jonesboro-ar-72403-building-inspector-ad.html","Decision required: self-canonical if retained as unique indexable ZIP/service landing page; otherwise canonicalize according to approved ad-page strategy.","Building Inspection Services in Jonesboro, AR 72403 | Crain Bros Inc","Crain Bros Inc provides building inspection services for properties in Jonesboro, AR 72403.","Building Inspection Services in Jonesboro, AR 72403 | Crain Bros Inc","Crain Bros Inc provides building inspection services for properties in Jonesboro, AR 72403.","WebPage plus Service candidate where useful; avoid duplicate/thin-page signals by confirming unique page strategy before implementation.","FAQ content usually optional for ads pages; only add FAQPage JSON-LD if matching visible FAQ content exists.","Decision required before implementation.","Ads page is service + ZIP/location targeted. Canonical choice requires deliberate approval."
"ads\jonesboro-ar-72403-building-restoration-ad.html","ads-zip-landing","Building Restoration in Jonesboro, AR | Crain Bros Inc","Building Restoration in Jonesboro, AR 72403 | Crain Bros Inc","Building Restoration from Crain Bros Inc serving Jonesboro, AR 72403.","Crain Bros Inc provides building restoration services for properties in Jonesboro, AR 72403.","Building Restoration in Jonesboro, AR","Building Restoration in Jonesboro, AR","","https","services.crainbrosinc.com","/ads/jonesboro-ar-72403-building-restoration-ad.html","Decision required: self-canonical if retained as unique indexable ZIP/service landing page; otherwise canonicalize according to approved ad-page strategy.","Building Restoration in Jonesboro, AR 72403 | Crain Bros Inc","Crain Bros Inc provides building restoration services for properties in Jonesboro, AR 72403.","Building Restoration in Jonesboro, AR 72403 | Crain Bros Inc","Crain Bros Inc provides building restoration services for properties in Jonesboro, AR 72403.","WebPage plus Service candidate where useful; avoid duplicate/thin-page signals by confirming unique page strategy before implementation.","FAQ content usually optional for ads pages; only add FAQPage JSON-LD if matching visible FAQ content exists.","Decision required before implementation.","Ads page is service + ZIP/location targeted. Canonical choice requires deliberate approval."
"ads\jonesboro-ar-72403-construction-ad.html","ads-zip-landing","Construction in Jonesboro, AR | Crain Bros Inc","Construction in Jonesboro, AR 72403 | Crain Bros Inc","Construction from Crain Bros Inc serving Jonesboro, AR 72403.","Crain Bros Inc provides construction services for properties in Jonesboro, AR 72403.","Construction in Jonesboro, AR","Construction in Jonesboro, AR","","https","services.crainbrosinc.com","/ads/jonesboro-ar-72403-construction-ad.html","Decision required: self-canonical if retained as unique indexable ZIP/service landing page; otherwise canonicalize according to approved ad-page strategy.","Construction in Jonesboro, AR 72403 | Crain Bros Inc","Crain Bros Inc provides construction services for properties in Jonesboro, AR 72403.","Construction in Jonesboro, AR 72403 | Crain Bros Inc","Crain Bros Inc provides construction services for properties in Jonesboro, AR 72403.","WebPage plus Service candidate where useful; avoid duplicate/thin-page signals by confirming unique page strategy before implementation.","FAQ content usually optional for ads pages; only add FAQPage JSON-LD if matching visible FAQ content exists.","Decision required before implementation.","Ads page is service + ZIP/location targeted. Canonical choice requires deliberate approval."
"ads\jonesboro-ar-72403-fire-damage-ad.html","ads-zip-landing","Fire Damage Restoration in Jonesboro, AR | Crain Bros Inc","Fire Damage Restoration in Jonesboro, AR 72403 | Crain Bros Inc","Fire Damage Restoration from Crain Bros Inc serving Jonesboro, AR 72403.","Crain Bros Inc provides fire damage restoration services for properties in Jonesboro, AR 72403.","Fire Damage Restoration in Jonesboro, AR","Fire Damage Restoration in Jonesboro, AR","","https","services.crainbrosinc.com","/ads/jonesboro-ar-72403-fire-damage-ad.html","Decision required: self-canonical if retained as unique indexable ZIP/service landing page; otherwise canonicalize according to approved ad-page strategy.","Fire Damage Restoration in Jonesboro, AR 72403 | Crain Bros Inc","Crain Bros Inc provides fire damage restoration services for properties in Jonesboro, AR 72403.","Fire Damage Restoration in Jonesboro, AR 72403 | Crain Bros Inc","Crain Bros Inc provides fire damage restoration services for properties in Jonesboro, AR 72403.","WebPage plus Service candidate where useful; avoid duplicate/thin-page signals by confirming unique page strategy before implementation.","FAQ content usually optional for ads pages; only add FAQPage JSON-LD if matching visible FAQ content exists.","Decision required before implementation.","Ads page is service + ZIP/location targeted. Canonical choice requires deliberate approval."
"ads\jonesboro-ar-72403-plumbing-ad.html","ads-zip-landing","Plumbing in Jonesboro, AR | Crain Bros Inc","Plumbing in Jonesboro, AR 72403 | Crain Bros Inc","Plumbing from Crain Bros Inc serving Jonesboro, AR 72403.","Crain Bros Inc provides plumbing services for properties in Jonesboro, AR 72403.","Plumbing in Jonesboro, AR","Plumbing in Jonesboro, AR","","https","services.crainbrosinc.com","/ads/jonesboro-ar-72403-plumbing-ad.html","Decision required: self-canonical if retained as unique indexable ZIP/service landing page; otherwise canonicalize according to approved ad-page strategy.","Plumbing in Jonesboro, AR 72403 | Crain Bros Inc","Crain Bros Inc provides plumbing services for properties in Jonesboro, AR 72403.","Plumbing in Jonesboro, AR 72403 | Crain Bros Inc","Crain Bros Inc provides plumbing services for properties in Jonesboro, AR 72403.","WebPage plus Service candidate where useful; avoid duplicate/thin-page signals by confirming unique page strategy before implementation.","FAQ content usually optional for ads pages; only add FAQPage JSON-LD if matching visible FAQ content exists.","Decision required before implementation.","Ads page is service + ZIP/location targeted. Canonical choice requires deliberate approval."
"ads\jonesboro-ar-72403-remodeling-ad.html","ads-zip-landing","Remodeling in Jonesboro, AR | Crain Bros Inc","Remodeling in Jonesboro, AR 72403 | Crain Bros Inc","Remodeling from Crain Bros Inc serving Jonesboro, AR 72403.","Crain Bros Inc provides remodeling services for properties in Jonesboro, AR 72403.","Remodeling in Jonesboro, AR","Remodeling in Jonesboro, AR","","https","services.crainbrosinc.com","/ads/jonesboro-ar-72403-remodeling-ad.html","Decision required: self-canonical if retained as unique indexable ZIP/service landing page; otherwise canonicalize according to approved ad-page strategy.","Remodeling in Jonesboro, AR 72403 | Crain Bros Inc","Crain Bros Inc provides remodeling services for properties in Jonesboro, AR 72403.","Remodeling in Jonesboro, AR 72403 | Crain Bros Inc","Crain Bros Inc provides remodeling services for properties in Jonesboro, AR 72403.","WebPage plus Service candidate where useful; avoid duplicate/thin-page signals by confirming unique page strategy before implementation.","FAQ content usually optional for ads pages; only add FAQPage JSON-LD if matching visible FAQ content exists.","Decision required before implementation.","Ads page is service + ZIP/location targeted. Canonical choice requires deliberate approval."
"ads\jonesboro-ar-72403-water-damage-ad.html","ads-zip-landing","Water Damage Restoration in Jonesboro, AR | Crain Bros Inc","Water Damage Restoration in Jonesboro, AR 72403 | Crain Bros Inc","Water Damage Restoration from Crain Bros Inc serving Jonesboro, AR 72403.","Crain Bros Inc provides water damage restoration services for properties in Jonesboro, AR 72403.","Water Damage Restoration in Jonesboro, AR","Water Damage Restoration in Jonesboro, AR","","https","services.crainbrosinc.com","/ads/jonesboro-ar-72403-water-damage-ad.html","Decision required: self-canonical if retained as unique indexable ZIP/service landing page; otherwise canonicalize according to approved ad-page strategy.","Water Damage Restoration in Jonesboro, AR 72403 | Crain Bros Inc","Crain Bros Inc provides water damage restoration services for properties in Jonesboro, AR 72403.","Water Damage Restoration in Jonesboro, AR 72403 | Crain Bros Inc","Crain Bros Inc provides water damage restoration services for properties in Jonesboro, AR 72403.","WebPage plus Service candidate where useful; avoid duplicate/thin-page signals by confirming unique page strategy before implementation.","FAQ content usually optional for ads pages; only add FAQPage JSON-LD if matching visible FAQ content exists.","Decision required before implementation.","Ads page is service + ZIP/location targeted. Canonical choice requires deliberate approval."
"ads\jonesboro-ar-72403-waterproofing-ad.html","ads-zip-landing","Waterproofing in Jonesboro, AR | Crain Bros Inc","Waterproofing in Jonesboro, AR 72403 | Crain Bros Inc","Waterproofing from Crain Bros Inc serving Jonesboro, AR 72403.","Crain Bros Inc provides waterproofing services for properties in Jonesboro, AR 72403.","Waterproofing in Jonesboro, AR","Waterproofing in Jonesboro, AR","","https","services.crainbrosinc.com","/ads/jonesboro-ar-72403-waterproofing-ad.html","Decision required: self-canonical if retained as unique indexable ZIP/service landing page; otherwise canonicalize according to approved ad-page strategy.","Waterproofing in Jonesboro, AR 72403 | Crain Bros Inc","Crain Bros Inc provides waterproofing services for properties in Jonesboro, AR 72403.","Waterproofing in Jonesboro, AR 72403 | Crain Bros Inc","Crain Bros Inc provides waterproofing services for properties in Jonesboro, AR 72403.","WebPage plus Service candidate where useful; avoid duplicate/thin-page signals by confirming unique page strategy before implementation.","FAQ content usually optional for ads pages; only add FAQPage JSON-LD if matching visible FAQ content exists.","Decision required before implementation.","Ads page is service + ZIP/location targeted. Canonical choice requires deliberate approval."
"ads\jonesboro-ar-72404-building-consultant-ad.html","ads-zip-landing","Building Consultant in Jonesboro, AR | Crain Bros Inc","Building Consultant in Jonesboro, AR 72404 | Crain Bros Inc","Building Consultant from Crain Bros Inc serving Jonesboro, AR 72404.","Crain Bros Inc provides building consultant services for properties in Jonesboro, AR 72404.","Building Consultant in Jonesboro, AR","Building Consultant in Jonesboro, AR","","https","services.crainbrosinc.com","/ads/jonesboro-ar-72404-building-consultant-ad.html","Decision required: self-canonical if retained as unique indexable ZIP/service landing page; otherwise canonicalize according to approved ad-page strategy.","Building Consultant in Jonesboro, AR 72404 | Crain Bros Inc","Crain Bros Inc provides building consultant services for properties in Jonesboro, AR 72404.","Building Consultant in Jonesboro, AR 72404 | Crain Bros Inc","Crain Bros Inc provides building consultant services for properties in Jonesboro, AR 72404.","WebPage plus Service candidate where useful; avoid duplicate/thin-page signals by confirming unique page strategy before implementation.","FAQ content usually optional for ads pages; only add FAQPage JSON-LD if matching visible FAQ content exists.","Decision required before implementation.","Ads page is service + ZIP/location targeted. Canonical choice requires deliberate approval."
"ads\jonesboro-ar-72404-building-inspector-ad.html","ads-zip-landing","Building Inspection Services in Jonesboro, AR | Crain Bros Inc","Building Inspection Services in Jonesboro, AR 72404 | Crain Bros Inc","Building Inspection Services from Crain Bros Inc serving Jonesboro, AR 72404.","Crain Bros Inc provides building inspection services for properties in Jonesboro, AR 72404.","Building Inspection Services in Jonesboro, AR","Building Inspection Services in Jonesboro, AR","","https","services.crainbrosinc.com","/ads/jonesboro-ar-72404-building-inspector-ad.html","Decision required: self-canonical if retained as unique indexable ZIP/service landing page; otherwise canonicalize according to approved ad-page strategy.","Building Inspection Services in Jonesboro, AR 72404 | Crain Bros Inc","Crain Bros Inc provides building inspection services for properties in Jonesboro, AR 72404.","Building Inspection Services in Jonesboro, AR 72404 | Crain Bros Inc","Crain Bros Inc provides building inspection services for properties in Jonesboro, AR 72404.","WebPage plus Service candidate where useful; avoid duplicate/thin-page signals by confirming unique page strategy before implementation.","FAQ content usually optional for ads pages; only add FAQPage JSON-LD if matching visible FAQ content exists.","Decision required before implementation.","Ads page is service + ZIP/location targeted. Canonical choice requires deliberate approval."
"ads\jonesboro-ar-72404-building-restoration-ad.html","ads-zip-landing","Building Restoration in Jonesboro, AR | Crain Bros Inc","Building Restoration in Jonesboro, AR 72404 | Crain Bros Inc","Building Restoration from Crain Bros Inc serving Jonesboro, AR 72404.","Crain Bros Inc provides building restoration services for properties in Jonesboro, AR 72404.","Building Restoration in Jonesboro, AR","Building Restoration in Jonesboro, AR","","https","services.crainbrosinc.com","/ads/jonesboro-ar-72404-building-restoration-ad.html","Decision required: self-canonical if retained as unique indexable ZIP/service landing page; otherwise canonicalize according to approved ad-page strategy.","Building Restoration in Jonesboro, AR 72404 | Crain Bros Inc","Crain Bros Inc provides building restoration services for properties in Jonesboro, AR 72404.","Building Restoration in Jonesboro, AR 72404 | Crain Bros Inc","Crain Bros Inc provides building restoration services for properties in Jonesboro, AR 72404.","WebPage plus Service candidate where useful; avoid duplicate/thin-page signals by confirming unique page strategy before implementation.","FAQ content usually optional for ads pages; only add FAQPage JSON-LD if matching visible FAQ content exists.","Decision required before implementation.","Ads page is service + ZIP/location targeted. Canonical choice requires deliberate approval."
"ads\jonesboro-ar-72404-construction-ad.html","ads-zip-landing","Construction in Jonesboro, AR | Crain Bros Inc","Construction in Jonesboro, AR 72404 | Crain Bros Inc","Construction from Crain Bros Inc serving Jonesboro, AR 72404.","Crain Bros Inc provides construction services for properties in Jonesboro, AR 72404.","Construction in Jonesboro, AR","Construction in Jonesboro, AR","","https","services.crainbrosinc.com","/ads/jonesboro-ar-72404-construction-ad.html","Decision required: self-canonical if retained as unique indexable ZIP/service landing page; otherwise canonicalize according to approved ad-page strategy.","Construction in Jonesboro, AR 72404 | Crain Bros Inc","Crain Bros Inc provides construction services for properties in Jonesboro, AR 72404.","Construction in Jonesboro, AR 72404 | Crain Bros Inc","Crain Bros Inc provides construction services for properties in Jonesboro, AR 72404.","WebPage plus Service candidate where useful; avoid duplicate/thin-page signals by confirming unique page strategy before implementation.","FAQ content usually optional for ads pages; only add FAQPage JSON-LD if matching visible FAQ content exists.","Decision required before implementation.","Ads page is service + ZIP/location targeted. Canonical choice requires deliberate approval."
"ads\jonesboro-ar-72404-fire-damage-ad.html","ads-zip-landing","Fire Damage Restoration in Jonesboro, AR | Crain Bros Inc","Fire Damage Restoration in Jonesboro, AR 72404 | Crain Bros Inc","Fire Damage Restoration from Crain Bros Inc serving Jonesboro, AR 72404.","Crain Bros Inc provides fire damage restoration services for properties in Jonesboro, AR 72404.","Fire Damage Restoration in Jonesboro, AR","Fire Damage Restoration in Jonesboro, AR","","https","services.crainbrosinc.com","/ads/jonesboro-ar-72404-fire-damage-ad.html","Decision required: self-canonical if retained as unique indexable ZIP/service landing page; otherwise canonicalize according to approved ad-page strategy.","Fire Damage Restoration in Jonesboro, AR 72404 | Crain Bros Inc","Crain Bros Inc provides fire damage restoration services for properties in Jonesboro, AR 72404.","Fire Damage Restoration in Jonesboro, AR 72404 | Crain Bros Inc","Crain Bros Inc provides fire damage restoration services for properties in Jonesboro, AR 72404.","WebPage plus Service candidate where useful; avoid duplicate/thin-page signals by confirming unique page strategy before implementation.","FAQ content usually optional for ads pages; only add FAQPage JSON-LD if matching visible FAQ content exists.","Decision required before implementation.","Ads page is service + ZIP/location targeted. Canonical choice requires deliberate approval."
"ads\jonesboro-ar-72404-plumbing-ad.html","ads-zip-landing","Plumbing in Jonesboro, AR | Crain Bros Inc","Plumbing in Jonesboro, AR 72404 | Crain Bros Inc","Plumbing from Crain Bros Inc serving Jonesboro, AR 72404.","Crain Bros Inc provides plumbing services for properties in Jonesboro, AR 72404.","Plumbing in Jonesboro, AR","Plumbing in Jonesboro, AR","","https","services.crainbrosinc.com","/ads/jonesboro-ar-72404-plumbing-ad.html","Decision required: self-canonical if retained as unique indexable ZIP/service landing page; otherwise canonicalize according to approved ad-page strategy.","Plumbing in Jonesboro, AR 72404 | Crain Bros Inc","Crain Bros Inc provides plumbing services for properties in Jonesboro, AR 72404.","Plumbing in Jonesboro, AR 72404 | Crain Bros Inc","Crain Bros Inc provides plumbing services for properties in Jonesboro, AR 72404.","WebPage plus Service candidate where useful; avoid duplicate/thin-page signals by confirming unique page strategy before implementation.","FAQ content usually optional for ads pages; only add FAQPage JSON-LD if matching visible FAQ content exists.","Decision required before implementation.","Ads page is service + ZIP/location targeted. Canonical choice requires deliberate approval."
"ads\jonesboro-ar-72404-remodeling-ad.html","ads-zip-landing","Remodeling in Jonesboro, AR | Crain Bros Inc","Remodeling in Jonesboro, AR 72404 | Crain Bros Inc","Remodeling from Crain Bros Inc serving Jonesboro, AR 72404.","Crain Bros Inc provides remodeling services for properties in Jonesboro, AR 72404.","Remodeling in Jonesboro, AR","Remodeling in Jonesboro, AR","","https","services.crainbrosinc.com","/ads/jonesboro-ar-72404-remodeling-ad.html","Decision required: self-canonical if retained as unique indexable ZIP/service landing page; otherwise canonicalize according to approved ad-page strategy.","Remodeling in Jonesboro, AR 72404 | Crain Bros Inc","Crain Bros Inc provides remodeling services for properties in Jonesboro, AR 72404.","Remodeling in Jonesboro, AR 72404 | Crain Bros Inc","Crain Bros Inc provides remodeling services for properties in Jonesboro, AR 72404.","WebPage plus Service candidate where useful; avoid duplicate/thin-page signals by confirming unique page strategy before implementation.","FAQ content usually optional for ads pages; only add FAQPage JSON-LD if matching visible FAQ content exists.","Decision required before implementation.","Ads page is service + ZIP/location targeted. Canonical choice requires deliberate approval."
"ads\jonesboro-ar-72404-water-damage-ad.html","ads-zip-landing","Water Damage Restoration in Jonesboro, AR | Crain Bros Inc","Water Damage Restoration in Jonesboro, AR 72404 | Crain Bros Inc","Water Damage Restoration from Crain Bros Inc serving Jonesboro, AR 72404.","Crain Bros Inc provides water damage restoration services for properties in Jonesboro, AR 72404.","Water Damage Restoration in Jonesboro, AR","Water Damage Restoration in Jonesboro, AR","","https","services.crainbrosinc.com","/ads/jonesboro-ar-72404-water-damage-ad.html","Decision required: self-canonical if retained as unique indexable ZIP/service landing page; otherwise canonicalize according to approved ad-page strategy.","Water Damage Restoration in Jonesboro, AR 72404 | Crain Bros Inc","Crain Bros Inc provides water damage restoration services for properties in Jonesboro, AR 72404.","Water Damage Restoration in Jonesboro, AR 72404 | Crain Bros Inc","Crain Bros Inc provides water damage restoration services for properties in Jonesboro, AR 72404.","WebPage plus Service candidate where useful; avoid duplicate/thin-page signals by confirming unique page strategy before implementation.","FAQ content usually optional for ads pages; only add FAQPage JSON-LD if matching visible FAQ content exists.","Decision required before implementation.","Ads page is service + ZIP/location targeted. Canonical choice requires deliberate approval."
"ads\jonesboro-ar-72404-waterproofing-ad.html","ads-zip-landing","Waterproofing in Jonesboro, AR | Crain Bros Inc","Waterproofing in Jonesboro, AR 72404 | Crain Bros Inc","Waterproofing from Crain Bros Inc serving Jonesboro, AR 72404.","Crain Bros Inc provides waterproofing services for properties in Jonesboro, AR 72404.","Waterproofing in Jonesboro, AR","Waterproofing in Jonesboro, AR","","https","services.crainbrosinc.com","/ads/jonesboro-ar-72404-waterproofing-ad.html","Decision required: self-canonical if retained as unique indexable ZIP/service landing page; otherwise canonicalize according to approved ad-page strategy.","Waterproofing in Jonesboro, AR 72404 | Crain Bros Inc","Crain Bros Inc provides waterproofing services for properties in Jonesboro, AR 72404.","Waterproofing in Jonesboro, AR 72404 | Crain Bros Inc","Crain Bros Inc provides waterproofing services for properties in Jonesboro, AR 72404.","WebPage plus Service candidate where useful; avoid duplicate/thin-page signals by confirming unique page strategy before implementation.","FAQ content usually optional for ads pages; only add FAQPage JSON-LD if matching visible FAQ content exists.","Decision required before implementation.","Ads page is service + ZIP/location targeted. Canonical choice requires deliberate approval."
"ads\jonesboro-ar-72405-building-consultant-ad.html","ads-zip-landing","Building Consultant in Jonesboro, AR | Crain Bros Inc","Building Consultant in Jonesboro, AR 72405 | Crain Bros Inc","Building Consultant from Crain Bros Inc serving Jonesboro, AR 72405.","Crain Bros Inc provides building consultant services for properties in Jonesboro, AR 72405.","Building Consultant in Jonesboro, AR","Building Consultant in Jonesboro, AR","","https","services.crainbrosinc.com","/ads/jonesboro-ar-72405-building-consultant-ad.html","Decision required: self-canonical if retained as unique indexable ZIP/service landing page; otherwise canonicalize according to approved ad-page strategy.","Building Consultant in Jonesboro, AR 72405 | Crain Bros Inc","Crain Bros Inc provides building consultant services for properties in Jonesboro, AR 72405.","Building Consultant in Jonesboro, AR 72405 | Crain Bros Inc","Crain Bros Inc provides building consultant services for properties in Jonesboro, AR 72405.","WebPage plus Service candidate where useful; avoid duplicate/thin-page signals by confirming unique page strategy before implementation.","FAQ content usually optional for ads pages; only add FAQPage JSON-LD if matching visible FAQ content exists.","Decision required before implementation.","Ads page is service + ZIP/location targeted. Canonical choice requires deliberate approval."
"ads\jonesboro-ar-72405-building-inspector-ad.html","ads-zip-landing","Building Inspection Services in Jonesboro, AR | Crain Bros Inc","Building Inspection Services in Jonesboro, AR 72405 | Crain Bros Inc","Building Inspection Services from Crain Bros Inc serving Jonesboro, AR 72405.","Crain Bros Inc provides building inspection services for properties in Jonesboro, AR 72405.","Building Inspection Services in Jonesboro, AR","Building Inspection Services in Jonesboro, AR","","https","services.crainbrosinc.com","/ads/jonesboro-ar-72405-building-inspector-ad.html","Decision required: self-canonical if retained as unique indexable ZIP/service landing page; otherwise canonicalize according to approved ad-page strategy.","Building Inspection Services in Jonesboro, AR 72405 | Crain Bros Inc","Crain Bros Inc provides building inspection services for properties in Jonesboro, AR 72405.","Building Inspection Services in Jonesboro, AR 72405 | Crain Bros Inc","Crain Bros Inc provides building inspection services for properties in Jonesboro, AR 72405.","WebPage plus Service candidate where useful; avoid duplicate/thin-page signals by confirming unique page strategy before implementation.","FAQ content usually optional for ads pages; only add FAQPage JSON-LD if matching visible FAQ content exists.","Decision required before implementation.","Ads page is service + ZIP/location targeted. Canonical choice requires deliberate approval."
"ads\jonesboro-ar-72405-building-restoration-ad.html","ads-zip-landing","Building Restoration in Jonesboro, AR | Crain Bros Inc","Building Restoration in Jonesboro, AR 72405 | Crain Bros Inc","Building Restoration from Crain Bros Inc serving Jonesboro, AR 72405.","Crain Bros Inc provides building restoration services for properties in Jonesboro, AR 72405.","Building Restoration in Jonesboro, AR","Building Restoration in Jonesboro, AR","","https","services.crainbrosinc.com","/ads/jonesboro-ar-72405-building-restoration-ad.html","Decision required: self-canonical if retained as unique indexable ZIP/service landing page; otherwise canonicalize according to approved ad-page strategy.","Building Restoration in Jonesboro, AR 72405 | Crain Bros Inc","Crain Bros Inc provides building restoration services for properties in Jonesboro, AR 72405.","Building Restoration in Jonesboro, AR 72405 | Crain Bros Inc","Crain Bros Inc provides building restoration services for properties in Jonesboro, AR 72405.","WebPage plus Service candidate where useful; avoid duplicate/thin-page signals by confirming unique page strategy before implementation.","FAQ content usually optional for ads pages; only add FAQPage JSON-LD if matching visible FAQ content exists.","Decision required before implementation.","Ads page is service + ZIP/location targeted. Canonical choice requires deliberate approval."
"ads\jonesboro-ar-72405-construction-ad.html","ads-zip-landing","Construction in Jonesboro, AR | Crain Bros Inc","Construction in Jonesboro, AR 72405 | Crain Bros Inc","Construction from Crain Bros Inc serving Jonesboro, AR 72405.","Crain Bros Inc provides construction services for properties in Jonesboro, AR 72405.","Construction in Jonesboro, AR","Construction in Jonesboro, AR","","https","services.crainbrosinc.com","/ads/jonesboro-ar-72405-construction-ad.html","Decision required: self-canonical if retained as unique indexable ZIP/service landing page; otherwise canonicalize according to approved ad-page strategy.","Construction in Jonesboro, AR 72405 | Crain Bros Inc","Crain Bros Inc provides construction services for properties in Jonesboro, AR 72405.","Construction in Jonesboro, AR 72405 | Crain Bros Inc","Crain Bros Inc provides construction services for properties in Jonesboro, AR 72405.","WebPage plus Service candidate where useful; avoid duplicate/thin-page signals by confirming unique page strategy before implementation.","FAQ content usually optional for ads pages; only add FAQPage JSON-LD if matching visible FAQ content exists.","Decision required before implementation.","Ads page is service + ZIP/location targeted. Canonical choice requires deliberate approval."
"ads\jonesboro-ar-72405-fire-damage-ad.html","ads-zip-landing","Fire Damage Restoration in Jonesboro, AR | Crain Bros Inc","Fire Damage Restoration in Jonesboro, AR 72405 | Crain Bros Inc","Fire Damage Restoration from Crain Bros Inc serving Jonesboro, AR 72405.","Crain Bros Inc provides fire damage restoration services for properties in Jonesboro, AR 72405.","Fire Damage Restoration in Jonesboro, AR","Fire Damage Restoration in Jonesboro, AR","","https","services.crainbrosinc.com","/ads/jonesboro-ar-72405-fire-damage-ad.html","Decision required: self-canonical if retained as unique indexable ZIP/service landing page; otherwise canonicalize according to approved ad-page strategy.","Fire Damage Restoration in Jonesboro, AR 72405 | Crain Bros Inc","Crain Bros Inc provides fire damage restoration services for properties in Jonesboro, AR 72405.","Fire Damage Restoration in Jonesboro, AR 72405 | Crain Bros Inc","Crain Bros Inc provides fire damage restoration services for properties in Jonesboro, AR 72405.","WebPage plus Service candidate where useful; avoid duplicate/thin-page signals by confirming unique page strategy before implementation.","FAQ content usually optional for ads pages; only add FAQPage JSON-LD if matching visible FAQ content exists.","Decision required before implementation.","Ads page is service + ZIP/location targeted. Canonical choice requires deliberate approval."
"ads\jonesboro-ar-72405-plumbing-ad.html","ads-zip-landing","Plumbing in Jonesboro, AR | Crain Bros Inc","Plumbing in Jonesboro, AR 72405 | Crain Bros Inc","Plumbing from Crain Bros Inc serving Jonesboro, AR 72405.","Crain Bros Inc provides plumbing services for properties in Jonesboro, AR 72405.","Plumbing in Jonesboro, AR","Plumbing in Jonesboro, AR","","https","services.crainbrosinc.com","/ads/jonesboro-ar-72405-plumbing-ad.html","Decision required: self-canonical if retained as unique indexable ZIP/service landing page; otherwise canonicalize according to approved ad-page strategy.","Plumbing in Jonesboro, AR 72405 | Crain Bros Inc","Crain Bros Inc provides plumbing services for properties in Jonesboro, AR 72405.","Plumbing in Jonesboro, AR 72405 | Crain Bros Inc","Crain Bros Inc provides plumbing services for properties in Jonesboro, AR 72405.","WebPage plus Service candidate where useful; avoid duplicate/thin-page signals by confirming unique page strategy before implementation.","FAQ content usually optional for ads pages; only add FAQPage JSON-LD if matching visible FAQ content exists.","Decision required before implementation.","Ads page is service + ZIP/location targeted. Canonical choice requires deliberate approval."
"ads\jonesboro-ar-72405-remodeling-ad.html","ads-zip-landing","Remodeling in Jonesboro, AR | Crain Bros Inc","Remodeling in Jonesboro, AR 72405 | Crain Bros Inc","Remodeling from Crain Bros Inc serving Jonesboro, AR 72405.","Crain Bros Inc provides remodeling services for properties in Jonesboro, AR 72405.","Remodeling in Jonesboro, AR","Remodeling in Jonesboro, AR","","https","services.crainbrosinc.com","/ads/jonesboro-ar-72405-remodeling-ad.html","Decision required: self-canonical if retained as unique indexable ZIP/service landing page; otherwise canonicalize according to approved ad-page strategy.","Remodeling in Jonesboro, AR 72405 | Crain Bros Inc","Crain Bros Inc provides remodeling services for properties in Jonesboro, AR 72405.","Remodeling in Jonesboro, AR 72405 | Crain Bros Inc","Crain Bros Inc provides remodeling services for properties in Jonesboro, AR 72405.","WebPage plus Service candidate where useful; avoid duplicate/thin-page signals by confirming unique page strategy before implementation.","FAQ content usually optional for ads pages; only add FAQPage JSON-LD if matching visible FAQ content exists.","Decision required before implementation.","Ads page is service + ZIP/location targeted. Canonical choice requires deliberate approval."
"ads\jonesboro-ar-72405-water-damage-ad.html","ads-zip-landing","Water Damage Restoration in Jonesboro, AR | Crain Bros Inc","Water Damage Restoration in Jonesboro, AR 72405 | Crain Bros Inc","Water Damage Restoration from Crain Bros Inc serving Jonesboro, AR 72405.","Crain Bros Inc provides water damage restoration services for properties in Jonesboro, AR 72405.","Water Damage Restoration in Jonesboro, AR","Water Damage Restoration in Jonesboro, AR","","https","services.crainbrosinc.com","/ads/jonesboro-ar-72405-water-damage-ad.html","Decision required: self-canonical if retained as unique indexable ZIP/service landing page; otherwise canonicalize according to approved ad-page strategy.","Water Damage Restoration in Jonesboro, AR 72405 | Crain Bros Inc","Crain Bros Inc provides water damage restoration services for properties in Jonesboro, AR 72405.","Water Damage Restoration in Jonesboro, AR 72405 | Crain Bros Inc","Crain Bros Inc provides water damage restoration services for properties in Jonesboro, AR 72405.","WebPage plus Service candidate where useful; avoid duplicate/thin-page signals by confirming unique page strategy before implementation.","FAQ content usually optional for ads pages; only add FAQPage JSON-LD if matching visible FAQ content exists.","Decision required before implementation.","Ads page is service + ZIP/location targeted. Canonical choice requires deliberate approval."
"ads\jonesboro-ar-72405-waterproofing-ad.html","ads-zip-landing","Waterproofing in Jonesboro, AR | Crain Bros Inc","Waterproofing in Jonesboro, AR 72405 | Crain Bros Inc","Waterproofing from Crain Bros Inc serving Jonesboro, AR 72405.","Crain Bros Inc provides waterproofing services for properties in Jonesboro, AR 72405.","Waterproofing in Jonesboro, AR","Waterproofing in Jonesboro, AR","","https","services.crainbrosinc.com","/ads/jonesboro-ar-72405-waterproofing-ad.html","Decision required: self-canonical if retained as unique indexable ZIP/service landing page; otherwise canonicalize according to approved ad-page strategy.","Waterproofing in Jonesboro, AR 72405 | Crain Bros Inc","Crain Bros Inc provides waterproofing services for properties in Jonesboro, AR 72405.","Waterproofing in Jonesboro, AR 72405 | Crain Bros Inc","Crain Bros Inc provides waterproofing services for properties in Jonesboro, AR 72405.","WebPage plus Service candidate where useful; avoid duplicate/thin-page signals by confirming unique page strategy before implementation.","FAQ content usually optional for ads pages; only add FAQPage JSON-LD if matching visible FAQ content exists.","Decision required before implementation.","Ads page is service + ZIP/location targeted. Canonical choice requires deliberate approval."
"ads\lake-city-ar-72437-building-consultant-ad.html","ads-zip-landing","Building Consultant in Lake City, AR | Crain Bros Inc","Building Consultant in Lake City, AR 72437 | Crain Bros Inc","Building Consultant from Crain Bros Inc serving Lake City, AR 72437.","Crain Bros Inc provides building consultant services for properties in Lake City, AR 72437.","Building Consultant in Lake City, AR","Building Consultant in Lake City, AR","","https","services.crainbrosinc.com","/ads/lake-city-ar-72437-building-consultant-ad.html","Decision required: self-canonical if retained as unique indexable ZIP/service landing page; otherwise canonicalize according to approved ad-page strategy.","Building Consultant in Lake City, AR 72437 | Crain Bros Inc","Crain Bros Inc provides building consultant services for properties in Lake City, AR 72437.","Building Consultant in Lake City, AR 72437 | Crain Bros Inc","Crain Bros Inc provides building consultant services for properties in Lake City, AR 72437.","WebPage plus Service candidate where useful; avoid duplicate/thin-page signals by confirming unique page strategy before implementation.","FAQ content usually optional for ads pages; only add FAQPage JSON-LD if matching visible FAQ content exists.","Decision required before implementation.","Ads page is service + ZIP/location targeted. Canonical choice requires deliberate approval."
"ads\lake-city-ar-72437-building-inspector-ad.html","ads-zip-landing","Building Inspection Services in Lake City, AR | Crain Bros Inc","Building Inspection Services in Lake City, AR 72437 | Crain Bros Inc","Building Inspection Services from Crain Bros Inc serving Lake City, AR 72437.","Crain Bros Inc provides building inspection services for properties in Lake City, AR 72437.","Building Inspection Services in Lake City, AR","Building Inspection Services in Lake City, AR","","https","services.crainbrosinc.com","/ads/lake-city-ar-72437-building-inspector-ad.html","Decision required: self-canonical if retained as unique indexable ZIP/service landing page; otherwise canonicalize according to approved ad-page strategy.","Building Inspection Services in Lake City, AR 72437 | Crain Bros Inc","Crain Bros Inc provides building inspection services for properties in Lake City, AR 72437.","Building Inspection Services in Lake City, AR 72437 | Crain Bros Inc","Crain Bros Inc provides building inspection services for properties in Lake City, AR 72437.","WebPage plus Service candidate where useful; avoid duplicate/thin-page signals by confirming unique page strategy before implementation.","FAQ content usually optional for ads pages; only add FAQPage JSON-LD if matching visible FAQ content exists.","Decision required before implementation.","Ads page is service + ZIP/location targeted. Canonical choice requires deliberate approval."
"ads\lake-city-ar-72437-building-restoration-ad.html","ads-zip-landing","Building Restoration in Lake City, AR | Crain Bros Inc","Building Restoration in Lake City, AR 72437 | Crain Bros Inc","Building Restoration from Crain Bros Inc serving Lake City, AR 72437.","Crain Bros Inc provides building restoration services for properties in Lake City, AR 72437.","Building Restoration in Lake City, AR","Building Restoration in Lake City, AR","","https","services.crainbrosinc.com","/ads/lake-city-ar-72437-building-restoration-ad.html","Decision required: self-canonical if retained as unique indexable ZIP/service landing page; otherwise canonicalize according to approved ad-page strategy.","Building Restoration in Lake City, AR 72437 | Crain Bros Inc","Crain Bros Inc provides building restoration services for properties in Lake City, AR 72437.","Building Restoration in Lake City, AR 72437 | Crain Bros Inc","Crain Bros Inc provides building restoration services for properties in Lake City, AR 72437.","WebPage plus Service candidate where useful; avoid duplicate/thin-page signals by confirming unique page strategy before implementation.","FAQ content usually optional for ads pages; only add FAQPage JSON-LD if matching visible FAQ content exists.","Decision required before implementation.","Ads page is service + ZIP/location targeted. Canonical choice requires deliberate approval."
"ads\lake-city-ar-72437-construction-ad.html","ads-zip-landing","Construction in Lake City, AR | Crain Bros Inc","Construction in Lake City, AR 72437 | Crain Bros Inc","Construction from Crain Bros Inc serving Lake City, AR 72437.","Crain Bros Inc provides construction services for properties in Lake City, AR 72437.","Construction in Lake City, AR","Construction in Lake City, AR","","https","services.crainbrosinc.com","/ads/lake-city-ar-72437-construction-ad.html","Decision required: self-canonical if retained as unique indexable ZIP/service landing page; otherwise canonicalize according to approved ad-page strategy.","Construction in Lake City, AR 72437 | Crain Bros Inc","Crain Bros Inc provides construction services for properties in Lake City, AR 72437.","Construction in Lake City, AR 72437 | Crain Bros Inc","Crain Bros Inc provides construction services for properties in Lake City, AR 72437.","WebPage plus Service candidate where useful; avoid duplicate/thin-page signals by confirming unique page strategy before implementation.","FAQ content usually optional for ads pages; only add FAQPage JSON-LD if matching visible FAQ content exists.","Decision required before implementation.","Ads page is service + ZIP/location targeted. Canonical choice requires deliberate approval."
"ads\lake-city-ar-72437-fire-damage-ad.html","ads-zip-landing","Fire Damage Restoration in Lake City, AR | Crain Bros Inc","Fire Damage Restoration in Lake City, AR 72437 | Crain Bros Inc","Fire Damage Restoration from Crain Bros Inc serving Lake City, AR 72437.","Crain Bros Inc provides fire damage restoration services for properties in Lake City, AR 72437.","Fire Damage Restoration in Lake City, AR","Fire Damage Restoration in Lake City, AR","","https","services.crainbrosinc.com","/ads/lake-city-ar-72437-fire-damage-ad.html","Decision required: self-canonical if retained as unique indexable ZIP/service landing page; otherwise canonicalize according to approved ad-page strategy.","Fire Damage Restoration in Lake City, AR 72437 | Crain Bros Inc","Crain Bros Inc provides fire damage restoration services for properties in Lake City, AR 72437.","Fire Damage Restoration in Lake City, AR 72437 | Crain Bros Inc","Crain Bros Inc provides fire damage restoration services for properties in Lake City, AR 72437.","WebPage plus Service candidate where useful; avoid duplicate/thin-page signals by confirming unique page strategy before implementation.","FAQ content usually optional for ads pages; only add FAQPage JSON-LD if matching visible FAQ content exists.","Decision required before implementation.","Ads page is service + ZIP/location targeted. Canonical choice requires deliberate approval."
"ads\lake-city-ar-72437-plumbing-ad.html","ads-zip-landing","Plumbing in Lake City, AR | Crain Bros Inc","Plumbing in Lake City, AR 72437 | Crain Bros Inc","Plumbing from Crain Bros Inc serving Lake City, AR 72437.","Crain Bros Inc provides plumbing services for properties in Lake City, AR 72437.","Plumbing in Lake City, AR","Plumbing in Lake City, AR","","https","services.crainbrosinc.com","/ads/lake-city-ar-72437-plumbing-ad.html","Decision required: self-canonical if retained as unique indexable ZIP/service landing page; otherwise canonicalize according to approved ad-page strategy.","Plumbing in Lake City, AR 72437 | Crain Bros Inc","Crain Bros Inc provides plumbing services for properties in Lake City, AR 72437.","Plumbing in Lake City, AR 72437 | Crain Bros Inc","Crain Bros Inc provides plumbing services for properties in Lake City, AR 72437.","WebPage plus Service candidate where useful; avoid duplicate/thin-page signals by confirming unique page strategy before implementation.","FAQ content usually optional for ads pages; only add FAQPage JSON-LD if matching visible FAQ content exists.","Decision required before implementation.","Ads page is service + ZIP/location targeted. Canonical choice requires deliberate approval."
"ads\lake-city-ar-72437-remodeling-ad.html","ads-zip-landing","Remodeling in Lake City, AR | Crain Bros Inc","Remodeling in Lake City, AR 72437 | Crain Bros Inc","Remodeling from Crain Bros Inc serving Lake City, AR 72437.","Crain Bros Inc provides remodeling services for properties in Lake City, AR 72437.","Remodeling in Lake City, AR","Remodeling in Lake City, AR","","https","services.crainbrosinc.com","/ads/lake-city-ar-72437-remodeling-ad.html","Decision required: self-canonical if retained as unique indexable ZIP/service landing page; otherwise canonicalize according to approved ad-page strategy.","Remodeling in Lake City, AR 72437 | Crain Bros Inc","Crain Bros Inc provides remodeling services for properties in Lake City, AR 72437.","Remodeling in Lake City, AR 72437 | Crain Bros Inc","Crain Bros Inc provides remodeling services for properties in Lake City, AR 72437.","WebPage plus Service candidate where useful; avoid duplicate/thin-page signals by confirming unique page strategy before implementation.","FAQ content usually optional for ads pages; only add FAQPage JSON-LD if matching visible FAQ content exists.","Decision required before implementation.","Ads page is service + ZIP/location targeted. Canonical choice requires deliberate approval."
"ads\lake-city-ar-72437-water-damage-ad.html","ads-zip-landing","Water Damage Restoration in Lake City, AR | Crain Bros Inc","Water Damage Restoration in Lake City, AR 72437 | Crain Bros Inc","Water Damage Restoration from Crain Bros Inc serving Lake City, AR 72437.","Crain Bros Inc provides water damage restoration services for properties in Lake City, AR 72437.","Water Damage Restoration in Lake City, AR","Water Damage Restoration in Lake City, AR","","https","services.crainbrosinc.com","/ads/lake-city-ar-72437-water-damage-ad.html","Decision required: self-canonical if retained as unique indexable ZIP/service landing page; otherwise canonicalize according to approved ad-page strategy.","Water Damage Restoration in Lake City, AR 72437 | Crain Bros Inc","Crain Bros Inc provides water damage restoration services for properties in Lake City, AR 72437.","Water Damage Restoration in Lake City, AR 72437 | Crain Bros Inc","Crain Bros Inc provides water damage restoration services for properties in Lake City, AR 72437.","WebPage plus Service candidate where useful; avoid duplicate/thin-page signals by confirming unique page strategy before implementation.","FAQ content usually optional for ads pages; only add FAQPage JSON-LD if matching visible FAQ content exists.","Decision required before implementation.","Ads page is service + ZIP/location targeted. Canonical choice requires deliberate approval."
"ads\lake-city-ar-72437-waterproofing-ad.html","ads-zip-landing","Waterproofing in Lake City, AR | Crain Bros Inc","Waterproofing in Lake City, AR 72437 | Crain Bros Inc","Waterproofing from Crain Bros Inc serving Lake City, AR 72437.","Crain Bros Inc provides waterproofing services for properties in Lake City, AR 72437.","Waterproofing in Lake City, AR","Waterproofing in Lake City, AR","","https","services.crainbrosinc.com","/ads/lake-city-ar-72437-waterproofing-ad.html","Decision required: self-canonical if retained as unique indexable ZIP/service landing page; otherwise canonicalize according to approved ad-page strategy.","Waterproofing in Lake City, AR 72437 | Crain Bros Inc","Crain Bros Inc provides waterproofing services for properties in Lake City, AR 72437.","Waterproofing in Lake City, AR 72437 | Crain Bros Inc","Crain Bros Inc provides waterproofing services for properties in Lake City, AR 72437.","WebPage plus Service candidate where useful; avoid duplicate/thin-page signals by confirming unique page strategy before implementation.","FAQ content usually optional for ads pages; only add FAQPage JSON-LD if matching visible FAQ content exists.","Decision required before implementation.","Ads page is service + ZIP/location targeted. Canonical choice requires deliberate approval."
"ads\monette-ar-72447-building-consultant-ad.html","ads-zip-landing","Building Consultant in Monette, AR | Crain Bros Inc","Building Consultant in Monette, AR 72447 | Crain Bros Inc","Building Consultant from Crain Bros Inc serving Monette, AR 72447.","Crain Bros Inc provides building consultant services for properties in Monette, AR 72447.","Building Consultant in Monette, AR","Building Consultant in Monette, AR","","https","services.crainbrosinc.com","/ads/monette-ar-72447-building-consultant-ad.html","Decision required: self-canonical if retained as unique indexable ZIP/service landing page; otherwise canonicalize according to approved ad-page strategy.","Building Consultant in Monette, AR 72447 | Crain Bros Inc","Crain Bros Inc provides building consultant services for properties in Monette, AR 72447.","Building Consultant in Monette, AR 72447 | Crain Bros Inc","Crain Bros Inc provides building consultant services for properties in Monette, AR 72447.","WebPage plus Service candidate where useful; avoid duplicate/thin-page signals by confirming unique page strategy before implementation.","FAQ content usually optional for ads pages; only add FAQPage JSON-LD if matching visible FAQ content exists.","Decision required before implementation.","Ads page is service + ZIP/location targeted. Canonical choice requires deliberate approval."
"ads\monette-ar-72447-building-inspector-ad.html","ads-zip-landing","Building Inspection Services in Monette, AR | Crain Bros Inc","Building Inspection Services in Monette, AR 72447 | Crain Bros Inc","Building Inspection Services from Crain Bros Inc serving Monette, AR 72447.","Crain Bros Inc provides building inspection services for properties in Monette, AR 72447.","Building Inspection Services in Monette, AR","Building Inspection Services in Monette, AR","","https","services.crainbrosinc.com","/ads/monette-ar-72447-building-inspector-ad.html","Decision required: self-canonical if retained as unique indexable ZIP/service landing page; otherwise canonicalize according to approved ad-page strategy.","Building Inspection Services in Monette, AR 72447 | Crain Bros Inc","Crain Bros Inc provides building inspection services for properties in Monette, AR 72447.","Building Inspection Services in Monette, AR 72447 | Crain Bros Inc","Crain Bros Inc provides building inspection services for properties in Monette, AR 72447.","WebPage plus Service candidate where useful; avoid duplicate/thin-page signals by confirming unique page strategy before implementation.","FAQ content usually optional for ads pages; only add FAQPage JSON-LD if matching visible FAQ content exists.","Decision required before implementation.","Ads page is service + ZIP/location targeted. Canonical choice requires deliberate approval."
"ads\monette-ar-72447-building-restoration-ad.html","ads-zip-landing","Building Restoration in Monette, AR | Crain Bros Inc","Building Restoration in Monette, AR 72447 | Crain Bros Inc","Building Restoration from Crain Bros Inc serving Monette, AR 72447.","Crain Bros Inc provides building restoration services for properties in Monette, AR 72447.","Building Restoration in Monette, AR","Building Restoration in Monette, AR","","https","services.crainbrosinc.com","/ads/monette-ar-72447-building-restoration-ad.html","Decision required: self-canonical if retained as unique indexable ZIP/service landing page; otherwise canonicalize according to approved ad-page strategy.","Building Restoration in Monette, AR 72447 | Crain Bros Inc","Crain Bros Inc provides building restoration services for properties in Monette, AR 72447.","Building Restoration in Monette, AR 72447 | Crain Bros Inc","Crain Bros Inc provides building restoration services for properties in Monette, AR 72447.","WebPage plus Service candidate where useful; avoid duplicate/thin-page signals by confirming unique page strategy before implementation.","FAQ content usually optional for ads pages; only add FAQPage JSON-LD if matching visible FAQ content exists.","Decision required before implementation.","Ads page is service + ZIP/location targeted. Canonical choice requires deliberate approval."
"ads\monette-ar-72447-construction-ad.html","ads-zip-landing","Construction in Monette, AR | Crain Bros Inc","Construction in Monette, AR 72447 | Crain Bros Inc","Construction from Crain Bros Inc serving Monette, AR 72447.","Crain Bros Inc provides construction services for properties in Monette, AR 72447.","Construction in Monette, AR","Construction in Monette, AR","","https","services.crainbrosinc.com","/ads/monette-ar-72447-construction-ad.html","Decision required: self-canonical if retained as unique indexable ZIP/service landing page; otherwise canonicalize according to approved ad-page strategy.","Construction in Monette, AR 72447 | Crain Bros Inc","Crain Bros Inc provides construction services for properties in Monette, AR 72447.","Construction in Monette, AR 72447 | Crain Bros Inc","Crain Bros Inc provides construction services for properties in Monette, AR 72447.","WebPage plus Service candidate where useful; avoid duplicate/thin-page signals by confirming unique page strategy before implementation.","FAQ content usually optional for ads pages; only add FAQPage JSON-LD if matching visible FAQ content exists.","Decision required before implementation.","Ads page is service + ZIP/location targeted. Canonical choice requires deliberate approval."
"ads\monette-ar-72447-fire-damage-ad.html","ads-zip-landing","Fire Damage Restoration in Monette, AR | Crain Bros Inc","Fire Damage Restoration in Monette, AR 72447 | Crain Bros Inc","Fire Damage Restoration from Crain Bros Inc serving Monette, AR 72447.","Crain Bros Inc provides fire damage restoration services for properties in Monette, AR 72447.","Fire Damage Restoration in Monette, AR","Fire Damage Restoration in Monette, AR","","https","services.crainbrosinc.com","/ads/monette-ar-72447-fire-damage-ad.html","Decision required: self-canonical if retained as unique indexable ZIP/service landing page; otherwise canonicalize according to approved ad-page strategy.","Fire Damage Restoration in Monette, AR 72447 | Crain Bros Inc","Crain Bros Inc provides fire damage restoration services for properties in Monette, AR 72447.","Fire Damage Restoration in Monette, AR 72447 | Crain Bros Inc","Crain Bros Inc provides fire damage restoration services for properties in Monette, AR 72447.","WebPage plus Service candidate where useful; avoid duplicate/thin-page signals by confirming unique page strategy before implementation.","FAQ content usually optional for ads pages; only add FAQPage JSON-LD if matching visible FAQ content exists.","Decision required before implementation.","Ads page is service + ZIP/location targeted. Canonical choice requires deliberate approval."
"ads\monette-ar-72447-plumbing-ad.html","ads-zip-landing","Plumbing in Monette, AR | Crain Bros Inc","Plumbing in Monette, AR 72447 | Crain Bros Inc","Plumbing from Crain Bros Inc serving Monette, AR 72447.","Crain Bros Inc provides plumbing services for properties in Monette, AR 72447.","Plumbing in Monette, AR","Plumbing in Monette, AR","","https","services.crainbrosinc.com","/ads/monette-ar-72447-plumbing-ad.html","Decision required: self-canonical if retained as unique indexable ZIP/service landing page; otherwise canonicalize according to approved ad-page strategy.","Plumbing in Monette, AR 72447 | Crain Bros Inc","Crain Bros Inc provides plumbing services for properties in Monette, AR 72447.","Plumbing in Monette, AR 72447 | Crain Bros Inc","Crain Bros Inc provides plumbing services for properties in Monette, AR 72447.","WebPage plus Service candidate where useful; avoid duplicate/thin-page signals by confirming unique page strategy before implementation.","FAQ content usually optional for ads pages; only add FAQPage JSON-LD if matching visible FAQ content exists.","Decision required before implementation.","Ads page is service + ZIP/location targeted. Canonical choice requires deliberate approval."
"ads\monette-ar-72447-remodeling-ad.html","ads-zip-landing","Remodeling in Monette, AR | Crain Bros Inc","Remodeling in Monette, AR 72447 | Crain Bros Inc","Remodeling from Crain Bros Inc serving Monette, AR 72447.","Crain Bros Inc provides remodeling services for properties in Monette, AR 72447.","Remodeling in Monette, AR","Remodeling in Monette, AR","","https","services.crainbrosinc.com","/ads/monette-ar-72447-remodeling-ad.html","Decision required: self-canonical if retained as unique indexable ZIP/service landing page; otherwise canonicalize according to approved ad-page strategy.","Remodeling in Monette, AR 72447 | Crain Bros Inc","Crain Bros Inc provides remodeling services for properties in Monette, AR 72447.","Remodeling in Monette, AR 72447 | Crain Bros Inc","Crain Bros Inc provides remodeling services for properties in Monette, AR 72447.","WebPage plus Service candidate where useful; avoid duplicate/thin-page signals by confirming unique page strategy before implementation.","FAQ content usually optional for ads pages; only add FAQPage JSON-LD if matching visible FAQ content exists.","Decision required before implementation.","Ads page is service + ZIP/location targeted. Canonical choice requires deliberate approval."
"ads\monette-ar-72447-water-damage-ad.html","ads-zip-landing","Water Damage Restoration in Monette, AR | Crain Bros Inc","Water Damage Restoration in Monette, AR 72447 | Crain Bros Inc","Water Damage Restoration from Crain Bros Inc serving Monette, AR 72447.","Crain Bros Inc provides water damage restoration services for properties in Monette, AR 72447.","Water Damage Restoration in Monette, AR","Water Damage Restoration in Monette, AR","","https","services.crainbrosinc.com","/ads/monette-ar-72447-water-damage-ad.html","Decision required: self-canonical if retained as unique indexable ZIP/service landing page; otherwise canonicalize according to approved ad-page strategy.","Water Damage Restoration in Monette, AR 72447 | Crain Bros Inc","Crain Bros Inc provides water damage restoration services for properties in Monette, AR 72447.","Water Damage Restoration in Monette, AR 72447 | Crain Bros Inc","Crain Bros Inc provides water damage restoration services for properties in Monette, AR 72447.","WebPage plus Service candidate where useful; avoid duplicate/thin-page signals by confirming unique page strategy before implementation.","FAQ content usually optional for ads pages; only add FAQPage JSON-LD if matching visible FAQ content exists.","Decision required before implementation.","Ads page is service + ZIP/location targeted. Canonical choice requires deliberate approval."
"ads\monette-ar-72447-waterproofing-ad.html","ads-zip-landing","Waterproofing in Monette, AR | Crain Bros Inc","Waterproofing in Monette, AR 72447 | Crain Bros Inc","Waterproofing from Crain Bros Inc serving Monette, AR 72447.","Crain Bros Inc provides waterproofing services for properties in Monette, AR 72447.","Waterproofing in Monette, AR","Waterproofing in Monette, AR","","https","services.crainbrosinc.com","/ads/monette-ar-72447-waterproofing-ad.html","Decision required: self-canonical if retained as unique indexable ZIP/service landing page; otherwise canonicalize according to approved ad-page strategy.","Waterproofing in Monette, AR 72447 | Crain Bros Inc","Crain Bros Inc provides waterproofing services for properties in Monette, AR 72447.","Waterproofing in Monette, AR 72447 | Crain Bros Inc","Crain Bros Inc provides waterproofing services for properties in Monette, AR 72447.","WebPage plus Service candidate where useful; avoid duplicate/thin-page signals by confirming unique page strategy before implementation.","FAQ content usually optional for ads pages; only add FAQPage JSON-LD if matching visible FAQ content exists.","Decision required before implementation.","Ads page is service + ZIP/location targeted. Canonical choice requires deliberate approval."
"ads\newport-ar-72112-building-consultant-ad.html","ads-zip-landing","Building Consultant in Newport, AR | Crain Bros Inc","Building Consultant in Newport, AR 72112 | Crain Bros Inc","Building Consultant from Crain Bros Inc serving Newport, AR 72112.","Crain Bros Inc provides building consultant services for properties in Newport, AR 72112.","Building Consultant in Newport, AR","Building Consultant in Newport, AR","","https","services.crainbrosinc.com","/ads/newport-ar-72112-building-consultant-ad.html","Decision required: self-canonical if retained as unique indexable ZIP/service landing page; otherwise canonicalize according to approved ad-page strategy.","Building Consultant in Newport, AR 72112 | Crain Bros Inc","Crain Bros Inc provides building consultant services for properties in Newport, AR 72112.","Building Consultant in Newport, AR 72112 | Crain Bros Inc","Crain Bros Inc provides building consultant services for properties in Newport, AR 72112.","WebPage plus Service candidate where useful; avoid duplicate/thin-page signals by confirming unique page strategy before implementation.","FAQ content usually optional for ads pages; only add FAQPage JSON-LD if matching visible FAQ content exists.","Decision required before implementation.","Ads page is service + ZIP/location targeted. Canonical choice requires deliberate approval."
"ads\newport-ar-72112-building-inspector-ad.html","ads-zip-landing","Building Inspection Services in Newport, AR | Crain Bros Inc","Building Inspection Services in Newport, AR 72112 | Crain Bros Inc","Building Inspection Services from Crain Bros Inc serving Newport, AR 72112.","Crain Bros Inc provides building inspection services for properties in Newport, AR 72112.","Building Inspection Services in Newport, AR","Building Inspection Services in Newport, AR","","https","services.crainbrosinc.com","/ads/newport-ar-72112-building-inspector-ad.html","Decision required: self-canonical if retained as unique indexable ZIP/service landing page; otherwise canonicalize according to approved ad-page strategy.","Building Inspection Services in Newport, AR 72112 | Crain Bros Inc","Crain Bros Inc provides building inspection services for properties in Newport, AR 72112.","Building Inspection Services in Newport, AR 72112 | Crain Bros Inc","Crain Bros Inc provides building inspection services for properties in Newport, AR 72112.","WebPage plus Service candidate where useful; avoid duplicate/thin-page signals by confirming unique page strategy before implementation.","FAQ content usually optional for ads pages; only add FAQPage JSON-LD if matching visible FAQ content exists.","Decision required before implementation.","Ads page is service + ZIP/location targeted. Canonical choice requires deliberate approval."
"ads\newport-ar-72112-building-restoration-ad.html","ads-zip-landing","Building Restoration in Newport, AR | Crain Bros Inc","Building Restoration in Newport, AR 72112 | Crain Bros Inc","Building Restoration from Crain Bros Inc serving Newport, AR 72112.","Crain Bros Inc provides building restoration services for properties in Newport, AR 72112.","Building Restoration in Newport, AR","Building Restoration in Newport, AR","","https","services.crainbrosinc.com","/ads/newport-ar-72112-building-restoration-ad.html","Decision required: self-canonical if retained as unique indexable ZIP/service landing page; otherwise canonicalize according to approved ad-page strategy.","Building Restoration in Newport, AR 72112 | Crain Bros Inc","Crain Bros Inc provides building restoration services for properties in Newport, AR 72112.","Building Restoration in Newport, AR 72112 | Crain Bros Inc","Crain Bros Inc provides building restoration services for properties in Newport, AR 72112.","WebPage plus Service candidate where useful; avoid duplicate/thin-page signals by confirming unique page strategy before implementation.","FAQ content usually optional for ads pages; only add FAQPage JSON-LD if matching visible FAQ content exists.","Decision required before implementation.","Ads page is service + ZIP/location targeted. Canonical choice requires deliberate approval."
"ads\newport-ar-72112-construction-ad.html","ads-zip-landing","Construction in Newport, AR | Crain Bros Inc","Construction in Newport, AR 72112 | Crain Bros Inc","Construction from Crain Bros Inc serving Newport, AR 72112.","Crain Bros Inc provides construction services for properties in Newport, AR 72112.","Construction in Newport, AR","Construction in Newport, AR","","https","services.crainbrosinc.com","/ads/newport-ar-72112-construction-ad.html","Decision required: self-canonical if retained as unique indexable ZIP/service landing page; otherwise canonicalize according to approved ad-page strategy.","Construction in Newport, AR 72112 | Crain Bros Inc","Crain Bros Inc provides construction services for properties in Newport, AR 72112.","Construction in Newport, AR 72112 | Crain Bros Inc","Crain Bros Inc provides construction services for properties in Newport, AR 72112.","WebPage plus Service candidate where useful; avoid duplicate/thin-page signals by confirming unique page strategy before implementation.","FAQ content usually optional for ads pages; only add FAQPage JSON-LD if matching visible FAQ content exists.","Decision required before implementation.","Ads page is service + ZIP/location targeted. Canonical choice requires deliberate approval."
"ads\newport-ar-72112-fire-damage-ad.html","ads-zip-landing","Fire Damage Restoration in Newport, AR | Crain Bros Inc","Fire Damage Restoration in Newport, AR 72112 | Crain Bros Inc","Fire Damage Restoration from Crain Bros Inc serving Newport, AR 72112.","Crain Bros Inc provides fire damage restoration services for properties in Newport, AR 72112.","Fire Damage Restoration in Newport, AR","Fire Damage Restoration in Newport, AR","","https","services.crainbrosinc.com","/ads/newport-ar-72112-fire-damage-ad.html","Decision required: self-canonical if retained as unique indexable ZIP/service landing page; otherwise canonicalize according to approved ad-page strategy.","Fire Damage Restoration in Newport, AR 72112 | Crain Bros Inc","Crain Bros Inc provides fire damage restoration services for properties in Newport, AR 72112.","Fire Damage Restoration in Newport, AR 72112 | Crain Bros Inc","Crain Bros Inc provides fire damage restoration services for properties in Newport, AR 72112.","WebPage plus Service candidate where useful; avoid duplicate/thin-page signals by confirming unique page strategy before implementation.","FAQ content usually optional for ads pages; only add FAQPage JSON-LD if matching visible FAQ content exists.","Decision required before implementation.","Ads page is service + ZIP/location targeted. Canonical choice requires deliberate approval."
"ads\newport-ar-72112-plumbing-ad.html","ads-zip-landing","Plumbing in Newport, AR | Crain Bros Inc","Plumbing in Newport, AR 72112 | Crain Bros Inc","Plumbing from Crain Bros Inc serving Newport, AR 72112.","Crain Bros Inc provides plumbing services for properties in Newport, AR 72112.","Plumbing in Newport, AR","Plumbing in Newport, AR","","https","services.crainbrosinc.com","/ads/newport-ar-72112-plumbing-ad.html","Decision required: self-canonical if retained as unique indexable ZIP/service landing page; otherwise canonicalize according to approved ad-page strategy.","Plumbing in Newport, AR 72112 | Crain Bros Inc","Crain Bros Inc provides plumbing services for properties in Newport, AR 72112.","Plumbing in Newport, AR 72112 | Crain Bros Inc","Crain Bros Inc provides plumbing services for properties in Newport, AR 72112.","WebPage plus Service candidate where useful; avoid duplicate/thin-page signals by confirming unique page strategy before implementation.","FAQ content usually optional for ads pages; only add FAQPage JSON-LD if matching visible FAQ content exists.","Decision required before implementation.","Ads page is service + ZIP/location targeted. Canonical choice requires deliberate approval."
"ads\newport-ar-72112-remodeling-ad.html","ads-zip-landing","Remodeling in Newport, AR | Crain Bros Inc","Remodeling in Newport, AR 72112 | Crain Bros Inc","Remodeling from Crain Bros Inc serving Newport, AR 72112.","Crain Bros Inc provides remodeling services for properties in Newport, AR 72112.","Remodeling in Newport, AR","Remodeling in Newport, AR","","https","services.crainbrosinc.com","/ads/newport-ar-72112-remodeling-ad.html","Decision required: self-canonical if retained as unique indexable ZIP/service landing page; otherwise canonicalize according to approved ad-page strategy.","Remodeling in Newport, AR 72112 | Crain Bros Inc","Crain Bros Inc provides remodeling services for properties in Newport, AR 72112.","Remodeling in Newport, AR 72112 | Crain Bros Inc","Crain Bros Inc provides remodeling services for properties in Newport, AR 72112.","WebPage plus Service candidate where useful; avoid duplicate/thin-page signals by confirming unique page strategy before implementation.","FAQ content usually optional for ads pages; only add FAQPage JSON-LD if matching visible FAQ content exists.","Decision required before implementation.","Ads page is service + ZIP/location targeted. Canonical choice requires deliberate approval."
"ads\newport-ar-72112-water-damage-ad.html","ads-zip-landing","Water Damage Restoration in Newport, AR | Crain Bros Inc","Water Damage Restoration in Newport, AR 72112 | Crain Bros Inc","Water Damage Restoration from Crain Bros Inc serving Newport, AR 72112.","Crain Bros Inc provides water damage restoration services for properties in Newport, AR 72112.","Water Damage Restoration in Newport, AR","Water Damage Restoration in Newport, AR","","https","services.crainbrosinc.com","/ads/newport-ar-72112-water-damage-ad.html","Decision required: self-canonical if retained as unique indexable ZIP/service landing page; otherwise canonicalize according to approved ad-page strategy.","Water Damage Restoration in Newport, AR 72112 | Crain Bros Inc","Crain Bros Inc provides water damage restoration services for properties in Newport, AR 72112.","Water Damage Restoration in Newport, AR 72112 | Crain Bros Inc","Crain Bros Inc provides water damage restoration services for properties in Newport, AR 72112.","WebPage plus Service candidate where useful; avoid duplicate/thin-page signals by confirming unique page strategy before implementation.","FAQ content usually optional for ads pages; only add FAQPage JSON-LD if matching visible FAQ content exists.","Decision required before implementation.","Ads page is service + ZIP/location targeted. Canonical choice requires deliberate approval."
"ads\newport-ar-72112-waterproofing-ad.html","ads-zip-landing","Waterproofing in Newport, AR | Crain Bros Inc","Waterproofing in Newport, AR 72112 | Crain Bros Inc","Waterproofing from Crain Bros Inc serving Newport, AR 72112.","Crain Bros Inc provides waterproofing services for properties in Newport, AR 72112.","Waterproofing in Newport, AR","Waterproofing in Newport, AR","","https","services.crainbrosinc.com","/ads/newport-ar-72112-waterproofing-ad.html","Decision required: self-canonical if retained as unique indexable ZIP/service landing page; otherwise canonicalize according to approved ad-page strategy.","Waterproofing in Newport, AR 72112 | Crain Bros Inc","Crain Bros Inc provides waterproofing services for properties in Newport, AR 72112.","Waterproofing in Newport, AR 72112 | Crain Bros Inc","Crain Bros Inc provides waterproofing services for properties in Newport, AR 72112.","WebPage plus Service candidate where useful; avoid duplicate/thin-page signals by confirming unique page strategy before implementation.","FAQ content usually optional for ads pages; only add FAQPage JSON-LD if matching visible FAQ content exists.","Decision required before implementation.","Ads page is service + ZIP/location targeted. Canonical choice requires deliberate approval."
"ads\paragould-ar-72450-building-consultant-ad.html","ads-zip-landing","Building Consultant in Paragould, AR | Crain Bros Inc","Building Consultant in Paragould, AR 72450 | Crain Bros Inc","Building Consultant from Crain Bros Inc serving Paragould, AR 72450.","Crain Bros Inc provides building consultant services for properties in Paragould, AR 72450.","Building Consultant in Paragould, AR","Building Consultant in Paragould, AR","","https","services.crainbrosinc.com","/ads/paragould-ar-72450-building-consultant-ad.html","Decision required: self-canonical if retained as unique indexable ZIP/service landing page; otherwise canonicalize according to approved ad-page strategy.","Building Consultant in Paragould, AR 72450 | Crain Bros Inc","Crain Bros Inc provides building consultant services for properties in Paragould, AR 72450.","Building Consultant in Paragould, AR 72450 | Crain Bros Inc","Crain Bros Inc provides building consultant services for properties in Paragould, AR 72450.","WebPage plus Service candidate where useful; avoid duplicate/thin-page signals by confirming unique page strategy before implementation.","FAQ content usually optional for ads pages; only add FAQPage JSON-LD if matching visible FAQ content exists.","Decision required before implementation.","Ads page is service + ZIP/location targeted. Canonical choice requires deliberate approval."
"ads\paragould-ar-72450-building-inspector-ad.html","ads-zip-landing","Building Inspection Services in Paragould, AR | Crain Bros Inc","Building Inspection Services in Paragould, AR 72450 | Crain Bros Inc","Building Inspection Services from Crain Bros Inc serving Paragould, AR 72450.","Crain Bros Inc provides building inspection services for properties in Paragould, AR 72450.","Building Inspection Services in Paragould, AR","Building Inspection Services in Paragould, AR","","https","services.crainbrosinc.com","/ads/paragould-ar-72450-building-inspector-ad.html","Decision required: self-canonical if retained as unique indexable ZIP/service landing page; otherwise canonicalize according to approved ad-page strategy.","Building Inspection Services in Paragould, AR 72450 | Crain Bros Inc","Crain Bros Inc provides building inspection services for properties in Paragould, AR 72450.","Building Inspection Services in Paragould, AR 72450 | Crain Bros Inc","Crain Bros Inc provides building inspection services for properties in Paragould, AR 72450.","WebPage plus Service candidate where useful; avoid duplicate/thin-page signals by confirming unique page strategy before implementation.","FAQ content usually optional for ads pages; only add FAQPage JSON-LD if matching visible FAQ content exists.","Decision required before implementation.","Ads page is service + ZIP/location targeted. Canonical choice requires deliberate approval."
"ads\paragould-ar-72450-building-restoration-ad.html","ads-zip-landing","Building Restoration in Paragould, AR | Crain Bros Inc","Building Restoration in Paragould, AR 72450 | Crain Bros Inc","Building Restoration from Crain Bros Inc serving Paragould, AR 72450.","Crain Bros Inc provides building restoration services for properties in Paragould, AR 72450.","Building Restoration in Paragould, AR","Building Restoration in Paragould, AR","","https","services.crainbrosinc.com","/ads/paragould-ar-72450-building-restoration-ad.html","Decision required: self-canonical if retained as unique indexable ZIP/service landing page; otherwise canonicalize according to approved ad-page strategy.","Building Restoration in Paragould, AR 72450 | Crain Bros Inc","Crain Bros Inc provides building restoration services for properties in Paragould, AR 72450.","Building Restoration in Paragould, AR 72450 | Crain Bros Inc","Crain Bros Inc provides building restoration services for properties in Paragould, AR 72450.","WebPage plus Service candidate where useful; avoid duplicate/thin-page signals by confirming unique page strategy before implementation.","FAQ content usually optional for ads pages; only add FAQPage JSON-LD if matching visible FAQ content exists.","Decision required before implementation.","Ads page is service + ZIP/location targeted. Canonical choice requires deliberate approval."
"ads\paragould-ar-72450-construction-ad.html","ads-zip-landing","Construction in Paragould, AR | Crain Bros Inc","Construction in Paragould, AR 72450 | Crain Bros Inc","Construction from Crain Bros Inc serving Paragould, AR 72450.","Crain Bros Inc provides construction services for properties in Paragould, AR 72450.","Construction in Paragould, AR","Construction in Paragould, AR","","https","services.crainbrosinc.com","/ads/paragould-ar-72450-construction-ad.html","Decision required: self-canonical if retained as unique indexable ZIP/service landing page; otherwise canonicalize according to approved ad-page strategy.","Construction in Paragould, AR 72450 | Crain Bros Inc","Crain Bros Inc provides construction services for properties in Paragould, AR 72450.","Construction in Paragould, AR 72450 | Crain Bros Inc","Crain Bros Inc provides construction services for properties in Paragould, AR 72450.","WebPage plus Service candidate where useful; avoid duplicate/thin-page signals by confirming unique page strategy before implementation.","FAQ content usually optional for ads pages; only add FAQPage JSON-LD if matching visible FAQ content exists.","Decision required before implementation.","Ads page is service + ZIP/location targeted. Canonical choice requires deliberate approval."
"ads\paragould-ar-72450-fire-damage-ad.html","ads-zip-landing","Fire Damage Restoration in Paragould, AR | Crain Bros Inc","Fire Damage Restoration in Paragould, AR 72450 | Crain Bros Inc","Fire Damage Restoration from Crain Bros Inc serving Paragould, AR 72450.","Crain Bros Inc provides fire damage restoration services for properties in Paragould, AR 72450.","Fire Damage Restoration in Paragould, AR","Fire Damage Restoration in Paragould, AR","","https","services.crainbrosinc.com","/ads/paragould-ar-72450-fire-damage-ad.html","Decision required: self-canonical if retained as unique indexable ZIP/service landing page; otherwise canonicalize according to approved ad-page strategy.","Fire Damage Restoration in Paragould, AR 72450 | Crain Bros Inc","Crain Bros Inc provides fire damage restoration services for properties in Paragould, AR 72450.","Fire Damage Restoration in Paragould, AR 72450 | Crain Bros Inc","Crain Bros Inc provides fire damage restoration services for properties in Paragould, AR 72450.","WebPage plus Service candidate where useful; avoid duplicate/thin-page signals by confirming unique page strategy before implementation.","FAQ content usually optional for ads pages; only add FAQPage JSON-LD if matching visible FAQ content exists.","Decision required before implementation.","Ads page is service + ZIP/location targeted. Canonical choice requires deliberate approval."
"ads\paragould-ar-72450-plumbing-ad.html","ads-zip-landing","Plumbing in Paragould, AR | Crain Bros Inc","Plumbing in Paragould, AR 72450 | Crain Bros Inc","Plumbing from Crain Bros Inc serving Paragould, AR 72450.","Crain Bros Inc provides plumbing services for properties in Paragould, AR 72450.","Plumbing in Paragould, AR","Plumbing in Paragould, AR","","https","services.crainbrosinc.com","/ads/paragould-ar-72450-plumbing-ad.html","Decision required: self-canonical if retained as unique indexable ZIP/service landing page; otherwise canonicalize according to approved ad-page strategy.","Plumbing in Paragould, AR 72450 | Crain Bros Inc","Crain Bros Inc provides plumbing services for properties in Paragould, AR 72450.","Plumbing in Paragould, AR 72450 | Crain Bros Inc","Crain Bros Inc provides plumbing services for properties in Paragould, AR 72450.","WebPage plus Service candidate where useful; avoid duplicate/thin-page signals by confirming unique page strategy before implementation.","FAQ content usually optional for ads pages; only add FAQPage JSON-LD if matching visible FAQ content exists.","Decision required before implementation.","Ads page is service + ZIP/location targeted. Canonical choice requires deliberate approval."
"ads\paragould-ar-72450-remodeling-ad.html","ads-zip-landing","Remodeling in Paragould, AR | Crain Bros Inc","Remodeling in Paragould, AR 72450 | Crain Bros Inc","Remodeling from Crain Bros Inc serving Paragould, AR 72450.","Crain Bros Inc provides remodeling services for properties in Paragould, AR 72450.","Remodeling in Paragould, AR","Remodeling in Paragould, AR","","https","services.crainbrosinc.com","/ads/paragould-ar-72450-remodeling-ad.html","Decision required: self-canonical if retained as unique indexable ZIP/service landing page; otherwise canonicalize according to approved ad-page strategy.","Remodeling in Paragould, AR 72450 | Crain Bros Inc","Crain Bros Inc provides remodeling services for properties in Paragould, AR 72450.","Remodeling in Paragould, AR 72450 | Crain Bros Inc","Crain Bros Inc provides remodeling services for properties in Paragould, AR 72450.","WebPage plus Service candidate where useful; avoid duplicate/thin-page signals by confirming unique page strategy before implementation.","FAQ content usually optional for ads pages; only add FAQPage JSON-LD if matching visible FAQ content exists.","Decision required before implementation.","Ads page is service + ZIP/location targeted. Canonical choice requires deliberate approval."
"ads\paragould-ar-72450-water-damage-ad.html","ads-zip-landing","Water Damage Restoration in Paragould, AR | Crain Bros Inc","Water Damage Restoration in Paragould, AR 72450 | Crain Bros Inc","Water Damage Restoration from Crain Bros Inc serving Paragould, AR 72450.","Crain Bros Inc provides water damage restoration services for properties in Paragould, AR 72450.","Water Damage Restoration in Paragould, AR","Water Damage Restoration in Paragould, AR","","https","services.crainbrosinc.com","/ads/paragould-ar-72450-water-damage-ad.html","Decision required: self-canonical if retained as unique indexable ZIP/service landing page; otherwise canonicalize according to approved ad-page strategy.","Water Damage Restoration in Paragould, AR 72450 | Crain Bros Inc","Crain Bros Inc provides water damage restoration services for properties in Paragould, AR 72450.","Water Damage Restoration in Paragould, AR 72450 | Crain Bros Inc","Crain Bros Inc provides water damage restoration services for properties in Paragould, AR 72450.","WebPage plus Service candidate where useful; avoid duplicate/thin-page signals by confirming unique page strategy before implementation.","FAQ content usually optional for ads pages; only add FAQPage JSON-LD if matching visible FAQ content exists.","Decision required before implementation.","Ads page is service + ZIP/location targeted. Canonical choice requires deliberate approval."
"ads\paragould-ar-72450-waterproofing-ad.html","ads-zip-landing","Waterproofing in Paragould, AR | Crain Bros Inc","Waterproofing in Paragould, AR 72450 | Crain Bros Inc","Waterproofing from Crain Bros Inc serving Paragould, AR 72450.","Crain Bros Inc provides waterproofing services for properties in Paragould, AR 72450.","Waterproofing in Paragould, AR","Waterproofing in Paragould, AR","","https","services.crainbrosinc.com","/ads/paragould-ar-72450-waterproofing-ad.html","Decision required: self-canonical if retained as unique indexable ZIP/service landing page; otherwise canonicalize according to approved ad-page strategy.","Waterproofing in Paragould, AR 72450 | Crain Bros Inc","Crain Bros Inc provides waterproofing services for properties in Paragould, AR 72450.","Waterproofing in Paragould, AR 72450 | Crain Bros Inc","Crain Bros Inc provides waterproofing services for properties in Paragould, AR 72450.","WebPage plus Service candidate where useful; avoid duplicate/thin-page signals by confirming unique page strategy before implementation.","FAQ content usually optional for ads pages; only add FAQPage JSON-LD if matching visible FAQ content exists.","Decision required before implementation.","Ads page is service + ZIP/location targeted. Canonical choice requires deliberate approval."
"ads\paragould-ar-72451-building-consultant-ad.html","ads-zip-landing","Building Consultant in Paragould, AR | Crain Bros Inc","Building Consultant in Paragould, AR 72451 | Crain Bros Inc","Building Consultant from Crain Bros Inc serving Paragould, AR 72451.","Crain Bros Inc provides building consultant services for properties in Paragould, AR 72451.","Building Consultant in Paragould, AR","Building Consultant in Paragould, AR","","https","services.crainbrosinc.com","/ads/paragould-ar-72451-building-consultant-ad.html","Decision required: self-canonical if retained as unique indexable ZIP/service landing page; otherwise canonicalize according to approved ad-page strategy.","Building Consultant in Paragould, AR 72451 | Crain Bros Inc","Crain Bros Inc provides building consultant services for properties in Paragould, AR 72451.","Building Consultant in Paragould, AR 72451 | Crain Bros Inc","Crain Bros Inc provides building consultant services for properties in Paragould, AR 72451.","WebPage plus Service candidate where useful; avoid duplicate/thin-page signals by confirming unique page strategy before implementation.","FAQ content usually optional for ads pages; only add FAQPage JSON-LD if matching visible FAQ content exists.","Decision required before implementation.","Ads page is service + ZIP/location targeted. Canonical choice requires deliberate approval."
"ads\paragould-ar-72451-building-inspector-ad.html","ads-zip-landing","Building Inspection Services in Paragould, AR | Crain Bros Inc","Building Inspection Services in Paragould, AR 72451 | Crain Bros Inc","Building Inspection Services from Crain Bros Inc serving Paragould, AR 72451.","Crain Bros Inc provides building inspection services for properties in Paragould, AR 72451.","Building Inspection Services in Paragould, AR","Building Inspection Services in Paragould, AR","","https","services.crainbrosinc.com","/ads/paragould-ar-72451-building-inspector-ad.html","Decision required: self-canonical if retained as unique indexable ZIP/service landing page; otherwise canonicalize according to approved ad-page strategy.","Building Inspection Services in Paragould, AR 72451 | Crain Bros Inc","Crain Bros Inc provides building inspection services for properties in Paragould, AR 72451.","Building Inspection Services in Paragould, AR 72451 | Crain Bros Inc","Crain Bros Inc provides building inspection services for properties in Paragould, AR 72451.","WebPage plus Service candidate where useful; avoid duplicate/thin-page signals by confirming unique page strategy before implementation.","FAQ content usually optional for ads pages; only add FAQPage JSON-LD if matching visible FAQ content exists.","Decision required before implementation.","Ads page is service + ZIP/location targeted. Canonical choice requires deliberate approval."
"ads\paragould-ar-72451-building-restoration-ad.html","ads-zip-landing","Building Restoration in Paragould, AR | Crain Bros Inc","Building Restoration in Paragould, AR 72451 | Crain Bros Inc","Building Restoration from Crain Bros Inc serving Paragould, AR 72451.","Crain Bros Inc provides building restoration services for properties in Paragould, AR 72451.","Building Restoration in Paragould, AR","Building Restoration in Paragould, AR","","https","services.crainbrosinc.com","/ads/paragould-ar-72451-building-restoration-ad.html","Decision required: self-canonical if retained as unique indexable ZIP/service landing page; otherwise canonicalize according to approved ad-page strategy.","Building Restoration in Paragould, AR 72451 | Crain Bros Inc","Crain Bros Inc provides building restoration services for properties in Paragould, AR 72451.","Building Restoration in Paragould, AR 72451 | Crain Bros Inc","Crain Bros Inc provides building restoration services for properties in Paragould, AR 72451.","WebPage plus Service candidate where useful; avoid duplicate/thin-page signals by confirming unique page strategy before implementation.","FAQ content usually optional for ads pages; only add FAQPage JSON-LD if matching visible FAQ content exists.","Decision required before implementation.","Ads page is service + ZIP/location targeted. Canonical choice requires deliberate approval."
"ads\paragould-ar-72451-construction-ad.html","ads-zip-landing","Construction in Paragould, AR | Crain Bros Inc","Construction in Paragould, AR 72451 | Crain Bros Inc","Construction from Crain Bros Inc serving Paragould, AR 72451.","Crain Bros Inc provides construction services for properties in Paragould, AR 72451.","Construction in Paragould, AR","Construction in Paragould, AR","","https","services.crainbrosinc.com","/ads/paragould-ar-72451-construction-ad.html","Decision required: self-canonical if retained as unique indexable ZIP/service landing page; otherwise canonicalize according to approved ad-page strategy.","Construction in Paragould, AR 72451 | Crain Bros Inc","Crain Bros Inc provides construction services for properties in Paragould, AR 72451.","Construction in Paragould, AR 72451 | Crain Bros Inc","Crain Bros Inc provides construction services for properties in Paragould, AR 72451.","WebPage plus Service candidate where useful; avoid duplicate/thin-page signals by confirming unique page strategy before implementation.","FAQ content usually optional for ads pages; only add FAQPage JSON-LD if matching visible FAQ content exists.","Decision required before implementation.","Ads page is service + ZIP/location targeted. Canonical choice requires deliberate approval."
"ads\paragould-ar-72451-fire-damage-ad.html","ads-zip-landing","Fire Damage Restoration in Paragould, AR | Crain Bros Inc","Fire Damage Restoration in Paragould, AR 72451 | Crain Bros Inc","Fire Damage Restoration from Crain Bros Inc serving Paragould, AR 72451.","Crain Bros Inc provides fire damage restoration services for properties in Paragould, AR 72451.","Fire Damage Restoration in Paragould, AR","Fire Damage Restoration in Paragould, AR","","https","services.crainbrosinc.com","/ads/paragould-ar-72451-fire-damage-ad.html","Decision required: self-canonical if retained as unique indexable ZIP/service landing page; otherwise canonicalize according to approved ad-page strategy.","Fire Damage Restoration in Paragould, AR 72451 | Crain Bros Inc","Crain Bros Inc provides fire damage restoration services for properties in Paragould, AR 72451.","Fire Damage Restoration in Paragould, AR 72451 | Crain Bros Inc","Crain Bros Inc provides fire damage restoration services for properties in Paragould, AR 72451.","WebPage plus Service candidate where useful; avoid duplicate/thin-page signals by confirming unique page strategy before implementation.","FAQ content usually optional for ads pages; only add FAQPage JSON-LD if matching visible FAQ content exists.","Decision required before implementation.","Ads page is service + ZIP/location targeted. Canonical choice requires deliberate approval."
"ads\paragould-ar-72451-plumbing-ad.html","ads-zip-landing","Plumbing in Paragould, AR | Crain Bros Inc","Plumbing in Paragould, AR 72451 | Crain Bros Inc","Plumbing from Crain Bros Inc serving Paragould, AR 72451.","Crain Bros Inc provides plumbing services for properties in Paragould, AR 72451.","Plumbing in Paragould, AR","Plumbing in Paragould, AR","","https","services.crainbrosinc.com","/ads/paragould-ar-72451-plumbing-ad.html","Decision required: self-canonical if retained as unique indexable ZIP/service landing page; otherwise canonicalize according to approved ad-page strategy.","Plumbing in Paragould, AR 72451 | Crain Bros Inc","Crain Bros Inc provides plumbing services for properties in Paragould, AR 72451.","Plumbing in Paragould, AR 72451 | Crain Bros Inc","Crain Bros Inc provides plumbing services for properties in Paragould, AR 72451.","WebPage plus Service candidate where useful; avoid duplicate/thin-page signals by confirming unique page strategy before implementation.","FAQ content usually optional for ads pages; only add FAQPage JSON-LD if matching visible FAQ content exists.","Decision required before implementation.","Ads page is service + ZIP/location targeted. Canonical choice requires deliberate approval."
"ads\paragould-ar-72451-remodeling-ad.html","ads-zip-landing","Remodeling in Paragould, AR | Crain Bros Inc","Remodeling in Paragould, AR 72451 | Crain Bros Inc","Remodeling from Crain Bros Inc serving Paragould, AR 72451.","Crain Bros Inc provides remodeling services for properties in Paragould, AR 72451.","Remodeling in Paragould, AR","Remodeling in Paragould, AR","","https","services.crainbrosinc.com","/ads/paragould-ar-72451-remodeling-ad.html","Decision required: self-canonical if retained as unique indexable ZIP/service landing page; otherwise canonicalize according to approved ad-page strategy.","Remodeling in Paragould, AR 72451 | Crain Bros Inc","Crain Bros Inc provides remodeling services for properties in Paragould, AR 72451.","Remodeling in Paragould, AR 72451 | Crain Bros Inc","Crain Bros Inc provides remodeling services for properties in Paragould, AR 72451.","WebPage plus Service candidate where useful; avoid duplicate/thin-page signals by confirming unique page strategy before implementation.","FAQ content usually optional for ads pages; only add FAQPage JSON-LD if matching visible FAQ content exists.","Decision required before implementation.","Ads page is service + ZIP/location targeted. Canonical choice requires deliberate approval."
"ads\paragould-ar-72451-water-damage-ad.html","ads-zip-landing","Water Damage Restoration in Paragould, AR | Crain Bros Inc","Water Damage Restoration in Paragould, AR 72451 | Crain Bros Inc","Water Damage Restoration from Crain Bros Inc serving Paragould, AR 72451.","Crain Bros Inc provides water damage restoration services for properties in Paragould, AR 72451.","Water Damage Restoration in Paragould, AR","Water Damage Restoration in Paragould, AR","","https","services.crainbrosinc.com","/ads/paragould-ar-72451-water-damage-ad.html","Decision required: self-canonical if retained as unique indexable ZIP/service landing page; otherwise canonicalize according to approved ad-page strategy.","Water Damage Restoration in Paragould, AR 72451 | Crain Bros Inc","Crain Bros Inc provides water damage restoration services for properties in Paragould, AR 72451.","Water Damage Restoration in Paragould, AR 72451 | Crain Bros Inc","Crain Bros Inc provides water damage restoration services for properties in Paragould, AR 72451.","WebPage plus Service candidate where useful; avoid duplicate/thin-page signals by confirming unique page strategy before implementation.","FAQ content usually optional for ads pages; only add FAQPage JSON-LD if matching visible FAQ content exists.","Decision required before implementation.","Ads page is service + ZIP/location targeted. Canonical choice requires deliberate approval."
"ads\paragould-ar-72451-waterproofing-ad.html","ads-zip-landing","Waterproofing in Paragould, AR | Crain Bros Inc","Waterproofing in Paragould, AR 72451 | Crain Bros Inc","Waterproofing from Crain Bros Inc serving Paragould, AR 72451.","Crain Bros Inc provides waterproofing services for properties in Paragould, AR 72451.","Waterproofing in Paragould, AR","Waterproofing in Paragould, AR","","https","services.crainbrosinc.com","/ads/paragould-ar-72451-waterproofing-ad.html","Decision required: self-canonical if retained as unique indexable ZIP/service landing page; otherwise canonicalize according to approved ad-page strategy.","Waterproofing in Paragould, AR 72451 | Crain Bros Inc","Crain Bros Inc provides waterproofing services for properties in Paragould, AR 72451.","Waterproofing in Paragould, AR 72451 | Crain Bros Inc","Crain Bros Inc provides waterproofing services for properties in Paragould, AR 72451.","WebPage plus Service candidate where useful; avoid duplicate/thin-page signals by confirming unique page strategy before implementation.","FAQ content usually optional for ads pages; only add FAQPage JSON-LD if matching visible FAQ content exists.","Decision required before implementation.","Ads page is service + ZIP/location targeted. Canonical choice requires deliberate approval."
"ads\trumann-ar-72472-building-consultant-ad.html","ads-zip-landing","Building Consultant in Trumann, AR | Crain Bros Inc","Building Consultant in Trumann, AR 72472 | Crain Bros Inc","Building Consultant from Crain Bros Inc serving Trumann, AR 72472.","Crain Bros Inc provides building consultant services for properties in Trumann, AR 72472.","Building Consultant in Trumann, AR","Building Consultant in Trumann, AR","","https","services.crainbrosinc.com","/ads/trumann-ar-72472-building-consultant-ad.html","Decision required: self-canonical if retained as unique indexable ZIP/service landing page; otherwise canonicalize according to approved ad-page strategy.","Building Consultant in Trumann, AR 72472 | Crain Bros Inc","Crain Bros Inc provides building consultant services for properties in Trumann, AR 72472.","Building Consultant in Trumann, AR 72472 | Crain Bros Inc","Crain Bros Inc provides building consultant services for properties in Trumann, AR 72472.","WebPage plus Service candidate where useful; avoid duplicate/thin-page signals by confirming unique page strategy before implementation.","FAQ content usually optional for ads pages; only add FAQPage JSON-LD if matching visible FAQ content exists.","Decision required before implementation.","Ads page is service + ZIP/location targeted. Canonical choice requires deliberate approval."
"ads\trumann-ar-72472-building-inspector-ad.html","ads-zip-landing","Building Inspection Services in Trumann, AR | Crain Bros Inc","Building Inspection Services in Trumann, AR 72472 | Crain Bros Inc","Building Inspection Services from Crain Bros Inc serving Trumann, AR 72472.","Crain Bros Inc provides building inspection services for properties in Trumann, AR 72472.","Building Inspection Services in Trumann, AR","Building Inspection Services in Trumann, AR","","https","services.crainbrosinc.com","/ads/trumann-ar-72472-building-inspector-ad.html","Decision required: self-canonical if retained as unique indexable ZIP/service landing page; otherwise canonicalize according to approved ad-page strategy.","Building Inspection Services in Trumann, AR 72472 | Crain Bros Inc","Crain Bros Inc provides building inspection services for properties in Trumann, AR 72472.","Building Inspection Services in Trumann, AR 72472 | Crain Bros Inc","Crain Bros Inc provides building inspection services for properties in Trumann, AR 72472.","WebPage plus Service candidate where useful; avoid duplicate/thin-page signals by confirming unique page strategy before implementation.","FAQ content usually optional for ads pages; only add FAQPage JSON-LD if matching visible FAQ content exists.","Decision required before implementation.","Ads page is service + ZIP/location targeted. Canonical choice requires deliberate approval."
"ads\trumann-ar-72472-building-restoration-ad.html","ads-zip-landing","Building Restoration in Trumann, AR | Crain Bros Inc","Building Restoration in Trumann, AR 72472 | Crain Bros Inc","Building Restoration from Crain Bros Inc serving Trumann, AR 72472.","Crain Bros Inc provides building restoration services for properties in Trumann, AR 72472.","Building Restoration in Trumann, AR","Building Restoration in Trumann, AR","","https","services.crainbrosinc.com","/ads/trumann-ar-72472-building-restoration-ad.html","Decision required: self-canonical if retained as unique indexable ZIP/service landing page; otherwise canonicalize according to approved ad-page strategy.","Building Restoration in Trumann, AR 72472 | Crain Bros Inc","Crain Bros Inc provides building restoration services for properties in Trumann, AR 72472.","Building Restoration in Trumann, AR 72472 | Crain Bros Inc","Crain Bros Inc provides building restoration services for properties in Trumann, AR 72472.","WebPage plus Service candidate where useful; avoid duplicate/thin-page signals by confirming unique page strategy before implementation.","FAQ content usually optional for ads pages; only add FAQPage JSON-LD if matching visible FAQ content exists.","Decision required before implementation.","Ads page is service + ZIP/location targeted. Canonical choice requires deliberate approval."
"ads\trumann-ar-72472-construction-ad.html","ads-zip-landing","Construction in Trumann, AR | Crain Bros Inc","Construction in Trumann, AR 72472 | Crain Bros Inc","Construction from Crain Bros Inc serving Trumann, AR 72472.","Crain Bros Inc provides construction services for properties in Trumann, AR 72472.","Construction in Trumann, AR","Construction in Trumann, AR","","https","services.crainbrosinc.com","/ads/trumann-ar-72472-construction-ad.html","Decision required: self-canonical if retained as unique indexable ZIP/service landing page; otherwise canonicalize according to approved ad-page strategy.","Construction in Trumann, AR 72472 | Crain Bros Inc","Crain Bros Inc provides construction services for properties in Trumann, AR 72472.","Construction in Trumann, AR 72472 | Crain Bros Inc","Crain Bros Inc provides construction services for properties in Trumann, AR 72472.","WebPage plus Service candidate where useful; avoid duplicate/thin-page signals by confirming unique page strategy before implementation.","FAQ content usually optional for ads pages; only add FAQPage JSON-LD if matching visible FAQ content exists.","Decision required before implementation.","Ads page is service + ZIP/location targeted. Canonical choice requires deliberate approval."
"ads\trumann-ar-72472-fire-damage-ad.html","ads-zip-landing","Fire Damage Restoration in Trumann, AR | Crain Bros Inc","Fire Damage Restoration in Trumann, AR 72472 | Crain Bros Inc","Fire Damage Restoration from Crain Bros Inc serving Trumann, AR 72472.","Crain Bros Inc provides fire damage restoration services for properties in Trumann, AR 72472.","Fire Damage Restoration in Trumann, AR","Fire Damage Restoration in Trumann, AR","","https","services.crainbrosinc.com","/ads/trumann-ar-72472-fire-damage-ad.html","Decision required: self-canonical if retained as unique indexable ZIP/service landing page; otherwise canonicalize according to approved ad-page strategy.","Fire Damage Restoration in Trumann, AR 72472 | Crain Bros Inc","Crain Bros Inc provides fire damage restoration services for properties in Trumann, AR 72472.","Fire Damage Restoration in Trumann, AR 72472 | Crain Bros Inc","Crain Bros Inc provides fire damage restoration services for properties in Trumann, AR 72472.","WebPage plus Service candidate where useful; avoid duplicate/thin-page signals by confirming unique page strategy before implementation.","FAQ content usually optional for ads pages; only add FAQPage JSON-LD if matching visible FAQ content exists.","Decision required before implementation.","Ads page is service + ZIP/location targeted. Canonical choice requires deliberate approval."
"ads\trumann-ar-72472-plumbing-ad.html","ads-zip-landing","Plumbing in Trumann, AR | Crain Bros Inc","Plumbing in Trumann, AR 72472 | Crain Bros Inc","Plumbing from Crain Bros Inc serving Trumann, AR 72472.","Crain Bros Inc provides plumbing services for properties in Trumann, AR 72472.","Plumbing in Trumann, AR","Plumbing in Trumann, AR","","https","services.crainbrosinc.com","/ads/trumann-ar-72472-plumbing-ad.html","Decision required: self-canonical if retained as unique indexable ZIP/service landing page; otherwise canonicalize according to approved ad-page strategy.","Plumbing in Trumann, AR 72472 | Crain Bros Inc","Crain Bros Inc provides plumbing services for properties in Trumann, AR 72472.","Plumbing in Trumann, AR 72472 | Crain Bros Inc","Crain Bros Inc provides plumbing services for properties in Trumann, AR 72472.","WebPage plus Service candidate where useful; avoid duplicate/thin-page signals by confirming unique page strategy before implementation.","FAQ content usually optional for ads pages; only add FAQPage JSON-LD if matching visible FAQ content exists.","Decision required before implementation.","Ads page is service + ZIP/location targeted. Canonical choice requires deliberate approval."
"ads\trumann-ar-72472-remodeling-ad.html","ads-zip-landing","Remodeling in Trumann, AR | Crain Bros Inc","Remodeling in Trumann, AR 72472 | Crain Bros Inc","Remodeling from Crain Bros Inc serving Trumann, AR 72472.","Crain Bros Inc provides remodeling services for properties in Trumann, AR 72472.","Remodeling in Trumann, AR","Remodeling in Trumann, AR","","https","services.crainbrosinc.com","/ads/trumann-ar-72472-remodeling-ad.html","Decision required: self-canonical if retained as unique indexable ZIP/service landing page; otherwise canonicalize according to approved ad-page strategy.","Remodeling in Trumann, AR 72472 | Crain Bros Inc","Crain Bros Inc provides remodeling services for properties in Trumann, AR 72472.","Remodeling in Trumann, AR 72472 | Crain Bros Inc","Crain Bros Inc provides remodeling services for properties in Trumann, AR 72472.","WebPage plus Service candidate where useful; avoid duplicate/thin-page signals by confirming unique page strategy before implementation.","FAQ content usually optional for ads pages; only add FAQPage JSON-LD if matching visible FAQ content exists.","Decision required before implementation.","Ads page is service + ZIP/location targeted. Canonical choice requires deliberate approval."
"ads\trumann-ar-72472-water-damage-ad.html","ads-zip-landing","Water Damage Restoration in Trumann, AR | Crain Bros Inc","Water Damage Restoration in Trumann, AR 72472 | Crain Bros Inc","Water Damage Restoration from Crain Bros Inc serving Trumann, AR 72472.","Crain Bros Inc provides water damage restoration services for properties in Trumann, AR 72472.","Water Damage Restoration in Trumann, AR","Water Damage Restoration in Trumann, AR","","https","services.crainbrosinc.com","/ads/trumann-ar-72472-water-damage-ad.html","Decision required: self-canonical if retained as unique indexable ZIP/service landing page; otherwise canonicalize according to approved ad-page strategy.","Water Damage Restoration in Trumann, AR 72472 | Crain Bros Inc","Crain Bros Inc provides water damage restoration services for properties in Trumann, AR 72472.","Water Damage Restoration in Trumann, AR 72472 | Crain Bros Inc","Crain Bros Inc provides water damage restoration services for properties in Trumann, AR 72472.","WebPage plus Service candidate where useful; avoid duplicate/thin-page signals by confirming unique page strategy before implementation.","FAQ content usually optional for ads pages; only add FAQPage JSON-LD if matching visible FAQ content exists.","Decision required before implementation.","Ads page is service + ZIP/location targeted. Canonical choice requires deliberate approval."
"ads\trumann-ar-72472-waterproofing-ad.html","ads-zip-landing","Waterproofing in Trumann, AR | Crain Bros Inc","Waterproofing in Trumann, AR 72472 | Crain Bros Inc","Waterproofing from Crain Bros Inc serving Trumann, AR 72472.","Crain Bros Inc provides waterproofing services for properties in Trumann, AR 72472.","Waterproofing in Trumann, AR","Waterproofing in Trumann, AR","","https","services.crainbrosinc.com","/ads/trumann-ar-72472-waterproofing-ad.html","Decision required: self-canonical if retained as unique indexable ZIP/service landing page; otherwise canonicalize according to approved ad-page strategy.","Waterproofing in Trumann, AR 72472 | Crain Bros Inc","Crain Bros Inc provides waterproofing services for properties in Trumann, AR 72472.","Waterproofing in Trumann, AR 72472 | Crain Bros Inc","Crain Bros Inc provides waterproofing services for properties in Trumann, AR 72472.","WebPage plus Service candidate where useful; avoid duplicate/thin-page signals by confirming unique page strategy before implementation.","FAQ content usually optional for ads pages; only add FAQPage JSON-LD if matching visible FAQ content exists.","Decision required before implementation.","Ads page is service + ZIP/location targeted. Canonical choice requires deliberate approval."
"ads\williams-baptist-college-ar-72476-building-consultant-ad.html","ads-zip-landing","Building Consultant in Williams Baptist College, AR | Crain Bros Inc","Building Consultant in Williams Baptist College, AR 72476 | Crain Bros Inc","Building Consultant from Crain Bros Inc serving Williams Baptist College, AR 72476.","Crain Bros Inc provides building consultant services for properties in Williams Baptist College, AR 72476.","Building Consultant in Williams Baptist College, AR","Building Consultant in Williams Baptist College, AR","","https","services.crainbrosinc.com","/ads/williams-baptist-college-ar-72476-building-consultant-ad.html","Decision required: self-canonical if retained as unique indexable ZIP/service landing page; otherwise canonicalize according to approved ad-page strategy.","Building Consultant in Williams Baptist College, AR 72476 | Crain Bros Inc","Crain Bros Inc provides building consultant services for properties in Williams Baptist College, AR 72476.","Building Consultant in Williams Baptist College, AR 72476 | Crain Bros Inc","Crain Bros Inc provides building consultant services for properties in Williams Baptist College, AR 72476.","WebPage plus Service candidate where useful; avoid duplicate/thin-page signals by confirming unique page strategy before implementation.","FAQ content usually optional for ads pages; only add FAQPage JSON-LD if matching visible FAQ content exists.","Decision required before implementation.","Ads page is service + ZIP/location targeted. Canonical choice requires deliberate approval."
"ads\williams-baptist-college-ar-72476-building-inspector-ad.html","ads-zip-landing","Building Inspection Services in Williams Baptist College, AR | Crain Bros Inc","Building Inspection Services in Williams Baptist College, AR 72476 | Crain Bros Inc","Building Inspection Services from Crain Bros Inc serving Williams Baptist College, AR 72476.","Crain Bros Inc provides building inspection services for properties in Williams Baptist College, AR 72476.","Building Inspection Services in Williams Baptist College, AR","Building Inspection Services in Williams Baptist College, AR","","https","services.crainbrosinc.com","/ads/williams-baptist-college-ar-72476-building-inspector-ad.html","Decision required: self-canonical if retained as unique indexable ZIP/service landing page; otherwise canonicalize according to approved ad-page strategy.","Building Inspection Services in Williams Baptist College, AR 72476 | Crain Bros Inc","Crain Bros Inc provides building inspection services for properties in Williams Baptist College, AR 72476.","Building Inspection Services in Williams Baptist College, AR 72476 | Crain Bros Inc","Crain Bros Inc provides building inspection services for properties in Williams Baptist College, AR 72476.","WebPage plus Service candidate where useful; avoid duplicate/thin-page signals by confirming unique page strategy before implementation.","FAQ content usually optional for ads pages; only add FAQPage JSON-LD if matching visible FAQ content exists.","Decision required before implementation.","Ads page is service + ZIP/location targeted. Canonical choice requires deliberate approval."
"ads\williams-baptist-college-ar-72476-building-restoration-ad.html","ads-zip-landing","Building Restoration in Williams Baptist College, AR | Crain Bros Inc","Building Restoration in Williams Baptist College, AR 72476 | Crain Bros Inc","Building Restoration from Crain Bros Inc serving Williams Baptist College, AR 72476.","Crain Bros Inc provides building restoration services for properties in Williams Baptist College, AR 72476.","Building Restoration in Williams Baptist College, AR","Building Restoration in Williams Baptist College, AR","","https","services.crainbrosinc.com","/ads/williams-baptist-college-ar-72476-building-restoration-ad.html","Decision required: self-canonical if retained as unique indexable ZIP/service landing page; otherwise canonicalize according to approved ad-page strategy.","Building Restoration in Williams Baptist College, AR 72476 | Crain Bros Inc","Crain Bros Inc provides building restoration services for properties in Williams Baptist College, AR 72476.","Building Restoration in Williams Baptist College, AR 72476 | Crain Bros Inc","Crain Bros Inc provides building restoration services for properties in Williams Baptist College, AR 72476.","WebPage plus Service candidate where useful; avoid duplicate/thin-page signals by confirming unique page strategy before implementation.","FAQ content usually optional for ads pages; only add FAQPage JSON-LD if matching visible FAQ content exists.","Decision required before implementation.","Ads page is service + ZIP/location targeted. Canonical choice requires deliberate approval."
"ads\williams-baptist-college-ar-72476-construction-ad.html","ads-zip-landing","Construction in Williams Baptist College, AR | Crain Bros Inc","Construction in Williams Baptist College, AR 72476 | Crain Bros Inc","Construction from Crain Bros Inc serving Williams Baptist College, AR 72476.","Crain Bros Inc provides construction services for properties in Williams Baptist College, AR 72476.","Construction in Williams Baptist College, AR","Construction in Williams Baptist College, AR","","https","services.crainbrosinc.com","/ads/williams-baptist-college-ar-72476-construction-ad.html","Decision required: self-canonical if retained as unique indexable ZIP/service landing page; otherwise canonicalize according to approved ad-page strategy.","Construction in Williams Baptist College, AR 72476 | Crain Bros Inc","Crain Bros Inc provides construction services for properties in Williams Baptist College, AR 72476.","Construction in Williams Baptist College, AR 72476 | Crain Bros Inc","Crain Bros Inc provides construction services for properties in Williams Baptist College, AR 72476.","WebPage plus Service candidate where useful; avoid duplicate/thin-page signals by confirming unique page strategy before implementation.","FAQ content usually optional for ads pages; only add FAQPage JSON-LD if matching visible FAQ content exists.","Decision required before implementation.","Ads page is service + ZIP/location targeted. Canonical choice requires deliberate approval."
"ads\williams-baptist-college-ar-72476-fire-damage-ad.html","ads-zip-landing","Fire Damage Restoration in Williams Baptist College, AR | Crain Bros Inc","Fire Damage Restoration in Williams Baptist College, AR 72476 | Crain Bros Inc","Fire Damage Restoration from Crain Bros Inc serving Williams Baptist College, AR 72476.","Crain Bros Inc provides fire damage restoration services for properties in Williams Baptist College, AR 72476.","Fire Damage Restoration in Williams Baptist College, AR","Fire Damage Restoration in Williams Baptist College, AR","","https","services.crainbrosinc.com","/ads/williams-baptist-college-ar-72476-fire-damage-ad.html","Decision required: self-canonical if retained as unique indexable ZIP/service landing page; otherwise canonicalize according to approved ad-page strategy.","Fire Damage Restoration in Williams Baptist College, AR 72476 | Crain Bros Inc","Crain Bros Inc provides fire damage restoration services for properties in Williams Baptist College, AR 72476.","Fire Damage Restoration in Williams Baptist College, AR 72476 | Crain Bros Inc","Crain Bros Inc provides fire damage restoration services for properties in Williams Baptist College, AR 72476.","WebPage plus Service candidate where useful; avoid duplicate/thin-page signals by confirming unique page strategy before implementation.","FAQ content usually optional for ads pages; only add FAQPage JSON-LD if matching visible FAQ content exists.","Decision required before implementation.","Ads page is service + ZIP/location targeted. Canonical choice requires deliberate approval."
"ads\williams-baptist-college-ar-72476-plumbing-ad.html","ads-zip-landing","Plumbing in Williams Baptist College, AR | Crain Bros Inc","Plumbing in Williams Baptist College, AR 72476 | Crain Bros Inc","Plumbing from Crain Bros Inc serving Williams Baptist College, AR 72476.","Crain Bros Inc provides plumbing services for properties in Williams Baptist College, AR 72476.","Plumbing in Williams Baptist College, AR","Plumbing in Williams Baptist College, AR","","https","services.crainbrosinc.com","/ads/williams-baptist-college-ar-72476-plumbing-ad.html","Decision required: self-canonical if retained as unique indexable ZIP/service landing page; otherwise canonicalize according to approved ad-page strategy.","Plumbing in Williams Baptist College, AR 72476 | Crain Bros Inc","Crain Bros Inc provides plumbing services for properties in Williams Baptist College, AR 72476.","Plumbing in Williams Baptist College, AR 72476 | Crain Bros Inc","Crain Bros Inc provides plumbing services for properties in Williams Baptist College, AR 72476.","WebPage plus Service candidate where useful; avoid duplicate/thin-page signals by confirming unique page strategy before implementation.","FAQ content usually optional for ads pages; only add FAQPage JSON-LD if matching visible FAQ content exists.","Decision required before implementation.","Ads page is service + ZIP/location targeted. Canonical choice requires deliberate approval."
"ads\williams-baptist-college-ar-72476-remodeling-ad.html","ads-zip-landing","Remodeling in Williams Baptist College, AR | Crain Bros Inc","Remodeling in Williams Baptist College, AR 72476 | Crain Bros Inc","Remodeling from Crain Bros Inc serving Williams Baptist College, AR 72476.","Crain Bros Inc provides remodeling services for properties in Williams Baptist College, AR 72476.","Remodeling in Williams Baptist College, AR","Remodeling in Williams Baptist College, AR","","https","services.crainbrosinc.com","/ads/williams-baptist-college-ar-72476-remodeling-ad.html","Decision required: self-canonical if retained as unique indexable ZIP/service landing page; otherwise canonicalize according to approved ad-page strategy.","Remodeling in Williams Baptist College, AR 72476 | Crain Bros Inc","Crain Bros Inc provides remodeling services for properties in Williams Baptist College, AR 72476.","Remodeling in Williams Baptist College, AR 72476 | Crain Bros Inc","Crain Bros Inc provides remodeling services for properties in Williams Baptist College, AR 72476.","WebPage plus Service candidate where useful; avoid duplicate/thin-page signals by confirming unique page strategy before implementation.","FAQ content usually optional for ads pages; only add FAQPage JSON-LD if matching visible FAQ content exists.","Decision required before implementation.","Ads page is service + ZIP/location targeted. Canonical choice requires deliberate approval."
"ads\williams-baptist-college-ar-72476-water-damage-ad.html","ads-zip-landing","Water Damage Restoration in Williams Baptist College, AR | Crain Bros Inc","Water Damage Restoration in Williams Baptist College, AR 72476 | Crain Bros Inc","Water Damage Restoration from Crain Bros Inc serving Williams Baptist College, AR 72476.","Crain Bros Inc provides water damage restoration services for properties in Williams Baptist College, AR 72476.","Water Damage Restoration in Williams Baptist College, AR","Water Damage Restoration in Williams Baptist College, AR","","https","services.crainbrosinc.com","/ads/williams-baptist-college-ar-72476-water-damage-ad.html","Decision required: self-canonical if retained as unique indexable ZIP/service landing page; otherwise canonicalize according to approved ad-page strategy.","Water Damage Restoration in Williams Baptist College, AR 72476 | Crain Bros Inc","Crain Bros Inc provides water damage restoration services for properties in Williams Baptist College, AR 72476.","Water Damage Restoration in Williams Baptist College, AR 72476 | Crain Bros Inc","Crain Bros Inc provides water damage restoration services for properties in Williams Baptist College, AR 72476.","WebPage plus Service candidate where useful; avoid duplicate/thin-page signals by confirming unique page strategy before implementation.","FAQ content usually optional for ads pages; only add FAQPage JSON-LD if matching visible FAQ content exists.","Decision required before implementation.","Ads page is service + ZIP/location targeted. Canonical choice requires deliberate approval."
"ads\williams-baptist-college-ar-72476-waterproofing-ad.html","ads-zip-landing","Waterproofing in Williams Baptist College, AR | Crain Bros Inc","Waterproofing in Williams Baptist College, AR 72476 | Crain Bros Inc","Waterproofing from Crain Bros Inc serving Williams Baptist College, AR 72476.","Crain Bros Inc provides waterproofing services for properties in Williams Baptist College, AR 72476.","Waterproofing in Williams Baptist College, AR","Waterproofing in Williams Baptist College, AR","","https","services.crainbrosinc.com","/ads/williams-baptist-college-ar-72476-waterproofing-ad.html","Decision required: self-canonical if retained as unique indexable ZIP/service landing page; otherwise canonicalize according to approved ad-page strategy.","Waterproofing in Williams Baptist College, AR 72476 | Crain Bros Inc","Crain Bros Inc provides waterproofing services for properties in Williams Baptist College, AR 72476.","Waterproofing in Williams Baptist College, AR 72476 | Crain Bros Inc","Crain Bros Inc provides waterproofing services for properties in Williams Baptist College, AR 72476.","WebPage plus Service candidate where useful; avoid duplicate/thin-page signals by confirming unique page strategy before implementation.","FAQ content usually optional for ads pages; only add FAQPage JSON-LD if matching visible FAQ content exists.","Decision required before implementation.","Ads page is service + ZIP/location targeted. Canonical choice requires deliberate approval."
